Operation,Experiment_1_Comparisons,Experiment_1_Cumulative,Experiment_2_Comparisons,Experiment_2_Cumulative,Experiment_3_Comparisons,Experiment_3_Cumulative,Experiment_4_Comparisons,Experiment_4_Cumulative,Experiment_5_Comparisons,Experiment_5_Cumulative
1,0,0,0,0,0,0,0,0,0,0
2,1,1,1,1,1,1,1,1,1,1
3,0,1,0,1,0,1,0,1,0,1
4,2,3,2,3,2,3,2,3,2,3
5,0,3,0,3,0,3,0,3,0,3
6,1,4,1,4,1,4,1,4,1,4
7,0,4,0,4,0,4,0,4,0,4
8,3,7,3,7,3,7,3,7,3,7
9,0,7,0,7,0,7,0,7,0,7
10,1,8,1,8,1,8,1,8,1,8
11,0,8,0,8,0,8,0,8,0,8
12,2,10,2,10,2,10,2,10,2,10
13,0,10,0,10,0,10,0,10,0,10
14,1,11,1,11,1,11,1,11,1,11
15,0,11,0,11,0,11,0,11,0,11
16,4,15,4,15,4,15,4,15,4,15
17,0,15,0,15,0,15,0,15,0,15
18,1,16,1,16,1,16,1,16,1,16
19,0,16,0,16,0,16,0,16,0,16
20,2,18,2,18,2,18,2,18,2,18
21,0,18,0,18,0,18,0,18,0,18
22,1,19,1,19,1,19,1,19,1,19
23,0,19,0,19,0,19,0,19,0,19
24,3,22,3,22,3,22,3,22,3,22
25,0,22,0,22,0,22,0,22,0,22
26,1,23,1,23,1,23,1,23,1,23
27,0,23,0,23,0,23,0,23,0,23
28,2,25,2,25,2,25,2,25,2,25
29,0,25,0,25,0,25,0,25,0,25
30,1,26,1,26,1,26,1,26,1,26
31,0,26,0,26,0,26,0,26,0,26
32,5,31,5,31,5,31,5,31,5,31
33,0,31,0,31,0,31,0,31,0,31
34,1,32,1,32,1,32,1,32,1,32
35,0,32,0,32,0,32,0,32,0,32
36,2,34,2,34,2,34,2,34,2,34
37,0,34,0,34,0,34,0,34,0,34
38,1,35,1,35,1,35,1,35,1,35
39,0,35,0,35,0,35,0,35,0,35
40,3,38,3,38,3,38,3,38,3,38
41,0,38,0,38,0,38,0,38,0,38
42,1,39,1,39,1,39,1,39,1,39
43,0,39,0,39,0,39,0,39,0,39
44,2,41,2,41,2,41,2,41,2,41
45,0,41,0,41,0,41,0,41,0,41
46,1,42,1,42,1,42,1,42,1,42
47,0,42,0,42,0,42,0,42,0,42
48,4,46,4,46,4,46,4,46,4,46
49,0,46,0,46,0,46,0,46,0,46
50,1,47,1,47,1,47,1,47,1,47
51,0,47,0,47,0,47,0,47,0,47
52,2,49,2,49,2,49,2,49,2,49
53,0,49,0,49,0,49,0,49,0,49
54,1,50,1,50,1,50,1,50,1,50
55,0,50,0,50,0,50,0,50,0,50
56,3,53,3,53,3,53,3,53,3,53
57,0,53,0,53,0,53,0,53,0,53
58,1,54,1,54,1,54,1,54,1,54
59,0,54,0,54,0,54,0,54,0,54
60,2,56,2,56,2,56,2,56,2,56
61,0,56,0,56,0,56,0,56,0,56
62,1,57,1,57,1,57,1,57,1,57
63,0,57,0,57,0,57,0,57,0,57
64,6,63,6,63,6,63,6,63,6,63
65,0,63,0,63,0,63,0,63,0,63
66,1,64,1,64,1,64,1,64,1,64
67,0,64,0,64,0,64,0,64,0,64
68,2,66,2,66,2,66,2,66,2,66
69,0,66,0,66,0,66,0,66,0,66
70,1,67,1,67,1,67,1,67,1,67
71,0,67,0,67,0,67,0,67,0,67
72,3,70,3,70,3,70,3,70,3,70
73,0,70,0,70,0,70,0,70,0,70
74,1,71,1,71,1,71,1,71,1,71
75,0,71,0,71,0,71,0,71,0,71
76,2,73,2,73,2,73,2,73,2,73
77,0,73,0,73,0,73,0,73,0,73
78,1,74,1,74,1,74,1,74,1,74
79,0,74,0,74,0,74,0,74,0,74
80,4,78,4,78,4,78,4,78,4,78
81,0,78,0,78,0,78,0,78,0,78
82,1,79,1,79,1,79,1,79,1,79
83,0,79,0,79,0,79,0,79,0,79
84,2,81,2,81,2,81,2,81,2,81
85,0,81,0,81,0,81,0,81,0,81
86,1,82,1,82,1,82,1,82,1,82
87,0,82,0,82,0,82,0,82,0,82
88,3,85,3,85,3,85,3,85,3,85
89,0,85,0,85,0,85,0,85,0,85
90,1,86,1,86,1,86,1,86,1,86
91,0,86,0,86,0,86,0,86,0,86
92,2,88,2,88,2,88,2,88,2,88
93,0,88,0,88,0,88,0,88,0,88
94,1,89,1,89,1,89,1,89,1,89
95,0,89,0,89,0,89,0,89,0,89
96,5,94,5,94,5,94,5,94,5,94
97,0,94,0,94,0,94,0,94,0,94
98,1,95,1,95,1,95,1,95,1,95
99,0,95,0,95,0,95,0,95,0,95
100,2,97,2,97,2,97,2,97,2,97
101,0,97,0,97,0,97,0,97,0,97
102,1,98,1,98,1,98,1,98,1,98
103,0,98,0,98,0,98,0,98,0,98
104,3,101,3,101,3,101,3,101,3,101
105,0,101,0,101,0,101,0,101,0,101
106,1,102,1,102,1,102,1,102,1,102
107,0,102,0,102,0,102,0,102,0,102
108,2,104,2,104,2,104,2,104,2,104
109,0,104,0,104,0,104,0,104,0,104
110,1,105,1,105,1,105,1,105,1,105
111,0,105,0,105,0,105,0,105,0,105
112,4,109,4,109,4,109,4,109,4,109
113,0,109,0,109,0,109,0,109,0,109
114,1,110,1,110,1,110,1,110,1,110
115,0,110,0,110,0,110,0,110,0,110
116,2,112,2,112,2,112,2,112,2,112
117,0,112,0,112,0,112,0,112,0,112
118,1,113,1,113,1,113,1,113,1,113
119,0,113,0,113,0,113,0,113,0,113
120,3,116,3,116,3,116,3,116,3,116
121,0,116,0,116,0,116,0,116,0,116
122,1,117,1,117,1,117,1,117,1,117
123,0,117,0,117,0,117,0,117,0,117
124,2,119,2,119,2,119,2,119,2,119
125,0,119,0,119,0,119,0,119,0,119
126,1,120,1,120,1,120,1,120,1,120
127,0,120,0,120,0,120,0,120,0,120
128,7,127,7,127,7,127,7,127,7,127
129,0,127,0,127,0,127,0,127,0,127
130,1,128,1,128,1,128,1,128,1,128
131,0,128,0,128,0,128,0,128,0,128
132,2,130,2,130,2,130,2,130,2,130
133,0,130,0,130,0,130,0,130,0,130
134,1,131,1,131,1,131,1,131,1,131
135,0,131,0,131,0,131,0,131,0,131
136,3,134,3,134,3,134,3,134,3,134
137,0,134,0,134,0,134,0,134,0,134
138,1,135,1,135,1,135,1,135,1,135
139,0,135,0,135,0,135,0,135,0,135
140,2,137,2,137,2,137,2,137,2,137
141,0,137,0,137,0,137,0,137,0,137
142,1,138,1,138,1,138,1,138,1,138
143,0,138,0,138,0,138,0,138,0,138
144,4,142,4,142,4,142,4,142,4,142
145,0,142,0,142,0,142,0,142,0,142
146,1,143,1,143,1,143,1,143,1,143
147,0,143,0,143,0,143,0,143,0,143
148,2,145,2,145,2,145,2,145,2,145
149,0,145,0,145,0,145,0,145,0,145
150,1,146,1,146,1,146,1,146,1,146
151,0,146,0,146,0,146,0,146,0,146
152,3,149,3,149,3,149,3,149,3,149
153,0,149,0,149,0,149,0,149,0,149
154,1,150,1,150,1,150,1,150,1,150
155,0,150,0,150,0,150,0,150,0,150
156,2,152,2,152,2,152,2,152,2,152
157,0,152,0,152,0,152,0,152,0,152
158,1,153,1,153,1,153,1,153,1,153
159,0,153,0,153,0,153,0,153,0,153
160,5,158,5,158,5,158,5,158,5,158
161,0,158,0,158,0,158,0,158,0,158
162,1,159,1,159,1,159,1,159,1,159
163,0,159,0,159,0,159,0,159,0,159
164,2,161,2,161,2,161,2,161,2,161
165,0,161,0,161,0,161,0,161,0,161
166,1,162,1,162,1,162,1,162,1,162
167,0,162,0,162,0,162,0,162,0,162
168,3,165,3,165,3,165,3,165,3,165
169,0,165,0,165,0,165,0,165,0,165
170,1,166,1,166,1,166,1,166,1,166
171,0,166,0,166,0,166,0,166,0,166
172,2,168,2,168,2,168,2,168,2,168
173,0,168,0,168,0,168,0,168,0,168
174,1,169,1,169,1,169,1,169,1,169
175,0,169,0,169,0,169,0,169,0,169
176,4,173,4,173,4,173,4,173,4,173
177,0,173,0,173,0,173,0,173,0,173
178,1,174,1,174,1,174,1,174,1,174
179,0,174,0,174,0,174,0,174,0,174
180,2,176,2,176,2,176,2,176,2,176
181,0,176,0,176,0,176,0,176,0,176
182,1,177,1,177,1,177,1,177,1,177
183,0,177,0,177,0,177,0,177,0,177
184,3,180,3,180,3,180,3,180,3,180
185,0,180,0,180,0,180,0,180,0,180
186,1,181,1,181,1,181,1,181,1,181
187,0,181,0,181,0,181,0,181,0,181
188,2,183,2,183,2,183,2,183,2,183
189,0,183,0,183,0,183,0,183,0,183
190,1,184,1,184,1,184,1,184,1,184
191,0,184,0,184,0,184,0,184,0,184
192,6,190,6,190,6,190,6,190,6,190
193,0,190,0,190,0,190,0,190,0,190
194,1,191,1,191,1,191,1,191,1,191
195,0,191,0,191,0,191,0,191,0,191
196,2,193,2,193,2,193,2,193,2,193
197,0,193,0,193,0,193,0,193,0,193
198,1,194,1,194,1,194,1,194,1,194
199,0,194,0,194,0,194,0,194,0,194
200,3,197,3,197,3,197,3,197,3,197
201,0,197,0,197,0,197,0,197,0,197
202,1,198,1,198,1,198,1,198,1,198
203,0,198,0,198,0,198,0,198,0,198
204,2,200,2,200,2,200,2,200,2,200
205,0,200,0,200,0,200,0,200,0,200
206,1,201,1,201,1,201,1,201,1,201
207,0,201,0,201,0,201,0,201,0,201
208,4,205,4,205,4,205,4,205,4,205
209,0,205,0,205,0,205,0,205,0,205
210,1,206,1,206,1,206,1,206,1,206
211,0,206,0,206,0,206,0,206,0,206
212,2,208,2,208,2,208,2,208,2,208
213,0,208,0,208,0,208,0,208,0,208
214,1,209,1,209,1,209,1,209,1,209
215,0,209,0,209,0,209,0,209,0,209
216,3,212,3,212,3,212,3,212,3,212
217,0,212,0,212,0,212,0,212,0,212
218,1,213,1,213,1,213,1,213,1,213
219,0,213,0,213,0,213,0,213,0,213
220,2,215,2,215,2,215,2,215,2,215
221,0,215,0,215,0,215,0,215,0,215
222,1,216,1,216,1,216,1,216,1,216
223,0,216,0,216,0,216,0,216,0,216
224,5,221,5,221,5,221,5,221,5,221
225,0,221,0,221,0,221,0,221,0,221
226,1,222,1,222,1,222,1,222,1,222
227,0,222,0,222,0,222,0,222,0,222
228,2,224,2,224,2,224,2,224,2,224
229,0,224,0,224,0,224,0,224,0,224
230,1,225,1,225,1,225,1,225,1,225
231,0,225,0,225,0,225,0,225,0,225
232,3,228,3,228,3,228,3,228,3,228
233,0,228,0,228,0,228,0,228,0,228
234,1,229,1,229,1,229,1,229,1,229
235,0,229,0,229,0,229,0,229,0,229
236,2,231,2,231,2,231,2,231,2,231
237,0,231,0,231,0,231,0,231,0,231
238,1,232,1,232,1,232,1,232,1,232
239,0,232,0,232,0,232,0,232,0,232
240,4,236,4,236,4,236,4,236,4,236
241,0,236,0,236,0,236,0,236,0,236
242,1,237,1,237,1,237,1,237,1,237
243,0,237,0,237,0,237,0,237,0,237
244,2,239,2,239,2,239,2,239,2,239
245,0,239,0,239,0,239,0,239,0,239
246,1,240,1,240,1,240,1,240,1,240
247,0,240,0,240,0,240,0,240,0,240
248,3,243,3,243,3,243,3,243,3,243
249,0,243,0,243,0,243,0,243,0,243
250,1,244,1,244,1,244,1,244,1,244
251,0,244,0,244,0,244,0,244,0,244
252,2,246,2,246,2,246,2,246,2,246
253,0,246,0,246,0,246,0,246,0,246
254,1,247,1,247,1,247,1,247,1,247
255,0,247,0,247,0,247,0,247,0,247
256,8,255,8,255,8,255,8,255,8,255
257,0,255,0,255,0,255,0,255,0,255
258,1,256,1,256,1,256,1,256,1,256
259,0,256,0,256,0,256,0,256,0,256
260,2,258,2,258,2,258,2,258,2,258
261,0,258,0,258,0,258,0,258,0,258
262,1,259,1,259,1,259,1,259,1,259
263,0,259,0,259,0,259,0,259,0,259
264,3,262,3,262,3,262,3,262,3,262
265,0,262,0,262,0,262,0,262,0,262
266,1,263,1,263,1,263,1,263,1,263
267,0,263,0,263,0,263,0,263,0,263
268,2,265,2,265,2,265,2,265,2,265
269,0,265,0,265,0,265,0,265,0,265
270,1,266,1,266,1,266,1,266,1,266
271,0,266,0,266,0,266,0,266,0,266
272,4,270,4,270,4,270,4,270,4,270
273,0,270,0,270,0,270,0,270,0,270
274,1,271,1,271,1,271,1,271,1,271
275,0,271,0,271,0,271,0,271,0,271
276,2,273,2,273,2,273,2,273,2,273
277,0,273,0,273,0,273,0,273,0,273
278,1,274,1,274,1,274,1,274,1,274
279,0,274,0,274,0,274,0,274,0,274
280,3,277,3,277,3,277,3,277,3,277
281,0,277,0,277,0,277,0,277,0,277
282,1,278,1,278,1,278,1,278,1,278
283,0,278,0,278,0,278,0,278,0,278
284,2,280,2,280,2,280,2,280,2,280
285,0,280,0,280,0,280,0,280,0,280
286,1,281,1,281,1,281,1,281,1,281
287,0,281,0,281,0,281,0,281,0,281
288,5,286,5,286,5,286,5,286,5,286
289,0,286,0,286,0,286,0,286,0,286
290,1,287,1,287,1,287,1,287,1,287
291,0,287,0,287,0,287,0,287,0,287
292,2,289,2,289,2,289,2,289,2,289
293,0,289,0,289,0,289,0,289,0,289
294,1,290,1,290,1,290,1,290,1,290
295,0,290,0,290,0,290,0,290,0,290
296,3,293,3,293,3,293,3,293,3,293
297,0,293,0,293,0,293,0,293,0,293
298,1,294,1,294,1,294,1,294,1,294
299,0,294,0,294,0,294,0,294,0,294
300,2,296,2,296,2,296,2,296,2,296
301,0,296,0,296,0,296,0,296,0,296
302,1,297,1,297,1,297,1,297,1,297
303,0,297,0,297,0,297,0,297,0,297
304,4,301,4,301,4,301,4,301,4,301
305,0,301,0,301,0,301,0,301,0,301
306,1,302,1,302,1,302,1,302,1,302
307,0,302,0,302,0,302,0,302,0,302
308,2,304,2,304,2,304,2,304,2,304
309,0,304,0,304,0,304,0,304,0,304
310,1,305,1,305,1,305,1,305,1,305
311,0,305,0,305,0,305,0,305,0,305
312,3,308,3,308,3,308,3,308,3,308
313,0,308,0,308,0,308,0,308,0,308
314,1,309,1,309,1,309,1,309,1,309
315,0,309,0,309,0,309,0,309,0,309
316,2,311,2,311,2,311,2,311,2,311
317,0,311,0,311,0,311,0,311,0,311
318,1,312,1,312,1,312,1,312,1,312
319,0,312,0,312,0,312,0,312,0,312
320,6,318,6,318,6,318,6,318,6,318
321,0,318,0,318,0,318,0,318,0,318
322,1,319,1,319,1,319,1,319,1,319
323,0,319,0,319,0,319,0,319,0,319
324,2,321,2,321,2,321,2,321,2,321
325,0,321,0,321,0,321,0,321,0,321
326,1,322,1,322,1,322,1,322,1,322
327,0,322,0,322,0,322,0,322,0,322
328,3,325,3,325,3,325,3,325,3,325
329,0,325,0,325,0,325,0,325,0,325
330,1,326,1,326,1,326,1,326,1,326
331,0,326,0,326,0,326,0,326,0,326
332,2,328,2,328,2,328,2,328,2,328
333,0,328,0,328,0,328,0,328,0,328
334,1,329,1,329,1,329,1,329,1,329
335,0,329,0,329,0,329,0,329,0,329
336,4,333,4,333,4,333,4,333,4,333
337,0,333,0,333,0,333,0,333,0,333
338,1,334,1,334,1,334,1,334,1,334
339,0,334,0,334,0,334,0,334,0,334
340,2,336,2,336,2,336,2,336,2,336
341,0,336,0,336,0,336,0,336,0,336
342,1,337,1,337,1,337,1,337,1,337
343,0,337,0,337,0,337,0,337,0,337
344,3,340,3,340,3,340,3,340,3,340
345,0,340,0,340,0,340,0,340,0,340
346,1,341,1,341,1,341,1,341,1,341
347,0,341,0,341,0,341,0,341,0,341
348,2,343,2,343,2,343,2,343,2,343
349,0,343,0,343,0,343,0,343,0,343
350,1,344,1,344,1,344,1,344,1,344
351,0,344,0,344,0,344,0,344,0,344
352,5,349,5,349,5,349,5,349,5,349
353,0,349,0,349,0,349,0,349,0,349
354,1,350,1,350,1,350,1,350,1,350
355,0,350,0,350,0,350,0,350,0,350
356,2,352,2,352,2,352,2,352,2,352
357,0,352,0,352,0,352,0,352,0,352
358,1,353,1,353,1,353,1,353,1,353
359,0,353,0,353,0,353,0,353,0,353
360,3,356,3,356,3,356,3,356,3,356
361,0,356,0,356,0,356,0,356,0,356
362,1,357,1,357,1,357,1,357,1,357
363,0,357,0,357,0,357,0,357,0,357
364,2,359,2,359,2,359,2,359,2,359
365,0,359,0,359,0,359,0,359,0,359
366,1,360,1,360,1,360,1,360,1,360
367,0,360,0,360,0,360,0,360,0,360
368,4,364,4,364,4,364,4,364,4,364
369,0,364,0,364,0,364,0,364,0,364
370,1,365,1,365,1,365,1,365,1,365
371,0,365,0,365,0,365,0,365,0,365
372,2,367,2,367,2,367,2,367,2,367
373,0,367,0,367,0,367,0,367,0,367
374,1,368,1,368,1,368,1,368,1,368
375,0,368,0,368,0,368,0,368,0,368
376,3,371,3,371,3,371,3,371,3,371
377,0,371,0,371,0,371,0,371,0,371
378,1,372,1,372,1,372,1,372,1,372
379,0,372,0,372,0,372,0,372,0,372
380,2,374,2,374,2,374,2,374,2,374
381,0,374,0,374,0,374,0,374,0,374
382,1,375,1,375,1,375,1,375,1,375
383,0,375,0,375,0,375,0,375,0,375
384,7,382,7,382,7,382,7,382,7,382
385,0,382,0,382,0,382,0,382,0,382
386,1,383,1,383,1,383,1,383,1,383
387,0,383,0,383,0,383,0,383,0,383
388,2,385,2,385,2,385,2,385,2,385
389,0,385,0,385,0,385,0,385,0,385
390,1,386,1,386,1,386,1,386,1,386
391,0,386,0,386,0,386,0,386,0,386
392,3,389,3,389,3,389,3,389,3,389
393,0,389,0,389,0,389,0,389,0,389
394,1,390,1,390,1,390,1,390,1,390
395,0,390,0,390,0,390,0,390,0,390
396,2,392,2,392,2,392,2,392,2,392
397,0,392,0,392,0,392,0,392,0,392
398,1,393,1,393,1,393,1,393,1,393
399,0,393,0,393,0,393,0,393,0,393
400,4,397,4,397,4,397,4,397,4,397
401,0,397,0,397,0,397,0,397,0,397
402,1,398,1,398,1,398,1,398,1,398
403,0,398,0,398,0,398,0,398,0,398
404,2,400,2,400,2,400,2,400,2,400
405,0,400,0,400,0,400,0,400,0,400
406,1,401,1,401,1,401,1,401,1,401
407,0,401,0,401,0,401,0,401,0,401
408,3,404,3,404,3,404,3,404,3,404
409,0,404,0,404,0,404,0,404,0,404
410,1,405,1,405,1,405,1,405,1,405
411,0,405,0,405,0,405,0,405,0,405
412,2,407,2,407,2,407,2,407,2,407
413,0,407,0,407,0,407,0,407,0,407
414,1,408,1,408,1,408,1,408,1,408
415,0,408,0,408,0,408,0,408,0,408
416,5,413,5,413,5,413,5,413,5,413
417,0,413,0,413,0,413,0,413,0,413
418,1,414,1,414,1,414,1,414,1,414
419,0,414,0,414,0,414,0,414,0,414
420,2,416,2,416,2,416,2,416,2,416
421,0,416,0,416,0,416,0,416,0,416
422,1,417,1,417,1,417,1,417,1,417
423,0,417,0,417,0,417,0,417,0,417
424,3,420,3,420,3,420,3,420,3,420
425,0,420,0,420,0,420,0,420,0,420
426,1,421,1,421,1,421,1,421,1,421
427,0,421,0,421,0,421,0,421,0,421
428,2,423,2,423,2,423,2,423,2,423
429,0,423,0,423,0,423,0,423,0,423
430,1,424,1,424,1,424,1,424,1,424
431,0,424,0,424,0,424,0,424,0,424
432,4,428,4,428,4,428,4,428,4,428
433,0,428,0,428,0,428,0,428,0,428
434,1,429,1,429,1,429,1,429,1,429
435,0,429,0,429,0,429,0,429,0,429
436,2,431,2,431,2,431,2,431,2,431
437,0,431,0,431,0,431,0,431,0,431
438,1,432,1,432,1,432,1,432,1,432
439,0,432,0,432,0,432,0,432,0,432
440,3,435,3,435,3,435,3,435,3,435
441,0,435,0,435,0,435,0,435,0,435
442,1,436,1,436,1,436,1,436,1,436
443,0,436,0,436,0,436,0,436,0,436
444,2,438,2,438,2,438,2,438,2,438
445,0,438,0,438,0,438,0,438,0,438
446,1,439,1,439,1,439,1,439,1,439
447,0,439,0,439,0,439,0,439,0,439
448,6,445,6,445,6,445,6,445,6,445
449,0,445,0,445,0,445,0,445,0,445
450,1,446,1,446,1,446,1,446,1,446
451,0,446,0,446,0,446,0,446,0,446
452,2,448,2,448,2,448,2,448,2,448
453,0,448,0,448,0,448,0,448,0,448
454,1,449,1,449,1,449,1,449,1,449
455,0,449,0,449,0,449,0,449,0,449
456,3,452,3,452,3,452,3,452,3,452
457,0,452,0,452,0,452,0,452,0,452
458,1,453,1,453,1,453,1,453,1,453
459,0,453,0,453,0,453,0,453,0,453
460,2,455,2,455,2,455,2,455,2,455
461,0,455,0,455,0,455,0,455,0,455
462,1,456,1,456,1,456,1,456,1,456
463,0,456,0,456,0,456,0,456,0,456
464,4,460,4,460,4,460,4,460,4,460
465,0,460,0,460,0,460,0,460,0,460
466,1,461,1,461,1,461,1,461,1,461
467,0,461,0,461,0,461,0,461,0,461
468,2,463,2,463,2,463,2,463,2,463
469,0,463,0,463,0,463,0,463,0,463
470,1,464,1,464,1,464,1,464,1,464
471,0,464,0,464,0,464,0,464,0,464
472,3,467,3,467,3,467,3,467,3,467
473,0,467,0,467,0,467,0,467,0,467
474,1,468,1,468,1,468,1,468,1,468
475,0,468,0,468,0,468,0,468,0,468
476,2,470,2,470,2,470,2,470,2,470
477,0,470,0,470,0,470,0,470,0,470
478,1,471,1,471,1,471,1,471,1,471
479,0,471,0,471,0,471,0,471,0,471
480,5,476,5,476,5,476,5,476,5,476
481,0,476,0,476,0,476,0,476,0,476
482,1,477,1,477,1,477,1,477,1,477
483,0,477,0,477,0,477,0,477,0,477
484,2,479,2,479,2,479,2,479,2,479
485,0,479,0,479,0,479,0,479,0,479
486,1,480,1,480,1,480,1,480,1,480
487,0,480,0,480,0,480,0,480,0,480
488,3,483,3,483,3,483,3,483,3,483
489,0,483,0,483,0,483,0,483,0,483
490,1,484,1,484,1,484,1,484,1,484
491,0,484,0,484,0,484,0,484,0,484
492,2,486,2,486,2,486,2,486,2,486
493,0,486,0,486,0,486,0,486,0,486
494,1,487,1,487,1,487,1,487,1,487
495,0,487,0,487,0,487,0,487,0,487
496,4,491,4,491,4,491,4,491,4,491
497,0,491,0,491,0,491,0,491,0,491
498,1,492,1,492,1,492,1,492,1,492
499,0,492,0,492,0,492,0,492,0,492
500,2,494,2,494,2,494,2,494,2,494
501,0,494,0,494,0,494,0,494,0,494
502,1,495,1,495,1,495,1,495,1,495
503,0,495,0,495,0,495,0,495,0,495
504,2,497,2,497,2,497,2,497,2,497
505,0,497,0,497,0,497,0,497,0,497
506,1,498,1,498,1,498,1,498,1,498
507,0,498,0,498,0,498,0,498,0,498
508,3,501,3,501,3,501,3,501,3,501
509,0,501,0,501,0,501,0,501,0,501
510,1,502,1,502,1,502,1,502,1,502
511,0,502,0,502,0,502,0,502,0,502
512,2,504,2,504,2,504,2,504,2,504
513,0,504,0,504,0,504,0,504,0,504
514,1,505,1,505,1,505,1,505,1,505
515,0,505,0,505,0,505,0,505,0,505
516,4,509,4,509,4,509,4,509,4,509
517,0,509,0,509,0,509,0,509,0,509
518,1,510,1,510,1,510,1,510,1,510
519,0,510,0,510,0,510,0,510,0,510
520,2,512,2,512,2,512,2,512,2,512
521,0,512,0,512,0,512,0,512,0,512
522,1,513,1,513,1,513,1,513,1,513
523,0,513,0,513,0,513,0,513,0,513
524,3,516,3,516,3,516,3,516,3,516
525,0,516,0,516,0,516,0,516,0,516
526,1,517,1,517,1,517,1,517,1,517
527,0,517,0,517,0,517,0,517,0,517
528,2,519,2,519,2,519,2,519,2,519
529,0,519,0,519,0,519,0,519,0,519
530,1,520,1,520,1,520,1,520,1,520
531,0,520,0,520,0,520,0,520,0,520
532,5,525,5,525,5,525,5,525,5,525
533,0,525,0,525,0,525,0,525,0,525
534,1,526,1,526,1,526,1,526,1,526
535,0,526,0,526,0,526,0,526,0,526
536,2,528,2,528,2,528,2,528,2,528
537,0,528,0,528,0,528,0,528,0,528
538,1,529,1,529,1,529,1,529,1,529
539,0,529,0,529,0,529,0,529,0,529
540,3,532,3,532,3,532,3,532,3,532
541,0,532,0,532,0,532,0,532,0,532
542,1,533,1,533,1,533,1,533,1,533
543,0,533,0,533,0,533,0,533,0,533
544,2,535,2,535,2,535,2,535,2,535
545,0,535,0,535,0,535,0,535,0,535
546,1,536,1,536,1,536,1,536,1,536
547,0,536,0,536,0,536,0,536,0,536
548,4,540,4,540,4,540,4,540,4,540
549,0,540,0,540,0,540,0,540,0,540
550,1,541,1,541,1,541,1,541,1,541
551,0,541,0,541,0,541,0,541,0,541
552,2,543,2,543,2,543,2,543,2,543
553,0,543,0,543,0,543,0,543,0,543
554,1,544,1,544,1,544,1,544,1,544
555,0,544,0,544,0,544,0,544,0,544
556,3,547,3,547,3,547,3,547,3,547
557,0,547,0,547,0,547,0,547,0,547
558,1,548,1,548,1,548,1,548,1,548
559,0,548,0,548,0,548,0,548,0,548
560,2,550,2,550,2,550,2,550,2,550
561,0,550,0,550,0,550,0,550,0,550
562,1,551,1,551,1,551,1,551,1,551
563,0,551,0,551,0,551,0,551,0,551
564,6,557,6,557,6,557,6,557,6,557
565,0,557,0,557,0,557,0,557,0,557
566,1,558,1,558,1,558,1,558,1,558
567,0,558,0,558,0,558,0,558,0,558
568,2,560,2,560,2,560,2,560,2,560
569,0,560,0,560,0,560,0,560,0,560
570,1,561,1,561,1,561,1,561,1,561
571,0,561,0,561,0,561,0,561,0,561
572,3,564,3,564,3,564,3,564,3,564
573,0,564,0,564,0,564,0,564,0,564
574,1,565,1,565,1,565,1,565,1,565
575,0,565,0,565,0,565,0,565,0,565
576,2,567,2,567,2,567,2,567,2,567
577,0,567,0,567,0,567,0,567,0,567
578,1,568,1,568,1,568,1,568,1,568
579,0,568,0,568,0,568,0,568,0,568
580,4,572,4,572,4,572,4,572,4,572
581,0,572,0,572,0,572,0,572,0,572
582,1,573,1,573,1,573,1,573,1,573
583,0,573,0,573,0,573,0,573,0,573
584,2,575,2,575,2,575,2,575,2,575
585,0,575,0,575,0,575,0,575,0,575
586,1,576,1,576,1,576,1,576,1,576
587,0,576,0,576,0,576,0,576,0,576
588,3,579,3,579,3,579,3,579,3,579
589,0,579,0,579,0,579,0,579,0,579
590,1,580,1,580,1,580,1,580,1,580
591,0,580,0,580,0,580,0,580,0,580
592,2,582,2,582,2,582,2,582,2,582
593,0,582,0,582,0,582,0,582,0,582
594,1,583,1,583,1,583,1,583,1,583
595,0,583,0,583,0,583,0,583,0,583
596,5,588,5,588,5,588,5,588,5,588
597,0,588,0,588,0,588,0,588,0,588
598,1,589,1,589,1,589,1,589,1,589
599,0,589,0,589,0,589,0,589,0,589
600,2,591,2,591,2,591,2,591,2,591
601,0,591,0,591,0,591,0,591,0,591
602,1,592,1,592,1,592,1,592,1,592
603,0,592,0,592,0,592,0,592,0,592
604,3,595,3,595,3,595,3,595,3,595
605,0,595,0,595,0,595,0,595,0,595
606,1,596,1,596,1,596,1,596,1,596
607,0,596,0,596,0,596,0,596,0,596
608,2,598,2,598,2,598,2,598,2,598
609,0,598,0,598,0,598,0,598,0,598
610,1,599,1,599,1,599,1,599,1,599
611,0,599,0,599,0,599,0,599,0,599
612,4,603,4,603,4,603,4,603,4,603
613,0,603,0,603,0,603,0,603,0,603
614,1,604,1,604,1,604,1,604,1,604
615,0,604,0,604,0,604,0,604,0,604
616,2,606,2,606,2,606,2,606,2,606
617,0,606,0,606,0,606,0,606,0,606
618,1,607,1,607,1,607,1,607,1,607
619,0,607,0,607,0,607,0,607,0,607
620,3,610,3,610,3,610,3,610,3,610
621,0,610,0,610,0,610,0,610,0,610
622,1,611,1,611,1,611,1,611,1,611
623,0,611,0,611,0,611,0,611,0,611
624,2,613,2,613,2,613,2,613,2,613
625,0,613,0,613,0,613,0,613,0,613
626,1,614,1,614,1,614,1,614,1,614
627,0,614,0,614,0,614,0,614,0,614
628,7,621,7,621,7,621,7,621,7,621
629,0,621,0,621,0,621,0,621,0,621
630,1,622,1,622,1,622,1,622,1,622
631,0,622,0,622,0,622,0,622,0,622
632,2,624,2,624,2,624,2,624,2,624
633,0,624,0,624,0,624,0,624,0,624
634,1,625,1,625,1,625,1,625,1,625
635,0,625,0,625,0,625,0,625,0,625
636,3,628,3,628,3,628,3,628,3,628
637,0,628,0,628,0,628,0,628,0,628
638,1,629,1,629,1,629,1,629,1,629
639,0,629,0,629,0,629,0,629,0,629
640,2,631,2,631,2,631,2,631,2,631
641,0,631,0,631,0,631,0,631,0,631
642,1,632,1,632,1,632,1,632,1,632
643,0,632,0,632,0,632,0,632,0,632
644,4,636,4,636,4,636,4,636,4,636
645,0,636,0,636,0,636,0,636,0,636
646,1,637,1,637,1,637,1,637,1,637
647,0,637,0,637,0,637,0,637,0,637
648,2,639,2,639,2,639,2,639,2,639
649,0,639,0,639,0,639,0,639,0,639
650,1,640,1,640,1,640,1,640,1,640
651,0,640,0,640,0,640,0,640,0,640
652,3,643,3,643,3,643,3,643,3,643
653,0,643,0,643,0,643,0,643,0,643
654,1,644,1,644,1,644,1,644,1,644
655,0,644,0,644,0,644,0,644,0,644
656,2,646,2,646,2,646,2,646,2,646
657,0,646,0,646,0,646,0,646,0,646
658,1,647,1,647,1,647,1,647,1,647
659,0,647,0,647,0,647,0,647,0,647
660,5,652,5,652,5,652,5,652,5,652
661,0,652,0,652,0,652,0,652,0,652
662,1,653,1,653,1,653,1,653,1,653
663,0,653,0,653,0,653,0,653,0,653
664,2,655,2,655,2,655,2,655,2,655
665,0,655,0,655,0,655,0,655,0,655
666,1,656,1,656,1,656,1,656,1,656
667,0,656,0,656,0,656,0,656,0,656
668,3,659,3,659,3,659,3,659,3,659
669,0,659,0,659,0,659,0,659,0,659
670,1,660,1,660,1,660,1,660,1,660
671,0,660,0,660,0,660,0,660,0,660
672,2,662,2,662,2,662,2,662,2,662
673,0,662,0,662,0,662,0,662,0,662
674,1,663,1,663,1,663,1,663,1,663
675,0,663,0,663,0,663,0,663,0,663
676,4,667,4,667,4,667,4,667,4,667
677,0,667,0,667,0,667,0,667,0,667
678,1,668,1,668,1,668,1,668,1,668
679,0,668,0,668,0,668,0,668,0,668
680,2,670,2,670,2,670,2,670,2,670
681,0,670,0,670,0,670,0,670,0,670
682,1,671,1,671,1,671,1,671,1,671
683,0,671,0,671,0,671,0,671,0,671
684,3,674,3,674,3,674,3,674,3,674
685,0,674,0,674,0,674,0,674,0,674
686,1,675,1,675,1,675,1,675,1,675
687,0,675,0,675,0,675,0,675,0,675
688,2,677,2,677,2,677,2,677,2,677
689,0,677,0,677,0,677,0,677,0,677
690,1,678,1,678,1,678,1,678,1,678
691,0,678,0,678,0,678,0,678,0,678
692,6,684,6,684,6,684,6,684,6,684
693,0,684,0,684,0,684,0,684,0,684
694,1,685,1,685,1,685,1,685,1,685
695,0,685,0,685,0,685,0,685,0,685
696,2,687,2,687,2,687,2,687,2,687
697,0,687,0,687,0,687,0,687,0,687
698,1,688,1,688,1,688,1,688,1,688
699,0,688,0,688,0,688,0,688,0,688
700,3,691,3,691,3,691,3,691,3,691
701,0,691,0,691,0,691,0,691,0,691
702,1,692,1,692,1,692,1,692,1,692
703,0,692,0,692,0,692,0,692,0,692
704,2,694,2,694,2,694,2,694,2,694
705,0,694,0,694,0,694,0,694,0,694
706,1,695,1,695,1,695,1,695,1,695
707,0,695,0,695,0,695,0,695,0,695
708,4,699,4,699,4,699,4,699,4,699
709,0,699,0,699,0,699,0,699,0,699
710,1,700,1,700,1,700,1,700,1,700
711,0,700,0,700,0,700,0,700,0,700
712,2,702,2,702,2,702,2,702,2,702
713,0,702,0,702,0,702,0,702,0,702
714,1,703,1,703,1,703,1,703,1,703
715,0,703,0,703,0,703,0,703,0,703
716,3,706,3,706,3,706,3,706,3,706
717,0,706,0,706,0,706,0,706,0,706
718,1,707,1,707,1,707,1,707,1,707
719,0,707,0,707,0,707,0,707,0,707
720,2,709,2,709,2,709,2,709,2,709
721,0,709,0,709,0,709,0,709,0,709
722,1,710,1,710,1,710,1,710,1,710
723,0,710,0,710,0,710,0,710,0,710
724,5,715,5,715,5,715,5,715,5,715
725,0,715,0,715,0,715,0,715,0,715
726,1,716,1,716,1,716,1,716,1,716
727,0,716,0,716,0,716,0,716,0,716
728,2,718,2,718,2,718,2,718,2,718
729,0,718,0,718,0,718,0,718,0,718
730,1,719,1,719,1,719,1,719,1,719
731,0,719,0,719,0,719,0,719,0,719
732,3,722,3,722,3,722,3,722,3,722
733,0,722,0,722,0,722,0,722,0,722
734,1,723,1,723,1,723,1,723,1,723
735,0,723,0,723,0,723,0,723,0,723
736,2,725,2,725,2,725,2,725,2,725
737,0,725,0,725,0,725,0,725,0,725
738,1,726,1,726,1,726,1,726,1,726
739,0,726,0,726,0,726,0,726,0,726
740,4,730,4,730,4,730,4,730,4,730
741,0,730,0,730,0,730,0,730,0,730
742,1,731,1,731,1,731,1,731,1,731
743,0,731,0,731,0,731,0,731,0,731
744,2,733,2,733,2,733,2,733,2,733
745,0,733,0,733,0,733,0,733,0,733
746,1,734,1,734,1,734,1,734,1,734
747,0,734,0,734,0,734,0,734,0,734
748,3,737,3,737,3,737,3,737,3,737
749,0,737,0,737,0,737,0,737,0,737
750,1,738,1,738,1,738,1,738,1,738
751,0,738,0,738,0,738,0,738,0,738
752,2,740,2,740,2,740,2,740,2,740
753,0,740,0,740,0,740,0,740,0,740
754,1,741,1,741,1,741,1,741,1,741
755,0,741,0,741,0,741,0,741,0,741
756,8,749,8,749,8,749,8,749,8,749
757,0,749,0,749,0,749,0,749,0,749
758,1,750,1,750,1,750,1,750,1,750
759,0,750,0,750,0,750,0,750,0,750
760,2,752,2,752,2,752,2,752,2,752
761,0,752,0,752,0,752,0,752,0,752
762,1,753,1,753,1,753,1,753,1,753
763,0,753,0,753,0,753,0,753,0,753
764,3,756,3,756,3,756,3,756,3,756
765,0,756,0,756,0,756,0,756,0,756
766,1,757,1,757,1,757,1,757,1,757
767,0,757,0,757,0,757,0,757,0,757
768,2,759,2,759,2,759,2,759,2,759
769,0,759,0,759,0,759,0,759,0,759
770,1,760,1,760,1,760,1,760,1,760
771,0,760,0,760,0,760,0,760,0,760
772,4,764,4,764,4,764,4,764,4,764
773,0,764,0,764,0,764,0,764,0,764
774,1,765,1,765,1,765,1,765,1,765
775,0,765,0,765,0,765,0,765,0,765
776,2,767,2,767,2,767,2,767,2,767
777,0,767,0,767,0,767,0,767,0,767
778,1,768,1,768,1,768,1,768,1,768
779,0,768,0,768,0,768,0,768,0,768
780,3,771,3,771,3,771,3,771,3,771
781,0,771,0,771,0,771,0,771,0,771
782,1,772,1,772,1,772,1,772,1,772
783,0,772,0,772,0,772,0,772,0,772
784,2,774,2,774,2,774,2,774,2,774
785,0,774,0,774,0,774,0,774,0,774
786,1,775,1,775,1,775,1,775,1,775
787,0,775,0,775,0,775,0,775,0,775
788,5,780,5,780,5,780,5,780,5,780
789,0,780,0,780,0,780,0,780,0,780
790,1,781,1,781,1,781,1,781,1,781
791,0,781,0,781,0,781,0,781,0,781
792,2,783,2,783,2,783,2,783,2,783
793,0,783,0,783,0,783,0,783,0,783
794,1,784,1,784,1,784,1,784,1,784
795,0,784,0,784,0,784,0,784,0,784
796,3,787,3,787,3,787,3,787,3,787
797,0,787,0,787,0,787,0,787,0,787
798,1,788,1,788,1,788,1,788,1,788
799,0,788,0,788,0,788,0,788,0,788
800,2,790,2,790,2,790,2,790,2,790
801,0,790,0,790,0,790,0,790,0,790
802,1,791,1,791,1,791,1,791,1,791
803,0,791,0,791,0,791,0,791,0,791
804,4,795,4,795,4,795,4,795,4,795
805,0,795,0,795,0,795,0,795,0,795
806,1,796,1,796,1,796,1,796,1,796
807,0,796,0,796,0,796,0,796,0,796
808,2,798,2,798,2,798,2,798,2,798
809,0,798,0,798,0,798,0,798,0,798
810,1,799,1,799,1,799,1,799,1,799
811,0,799,0,799,0,799,0,799,0,799
812,3,802,3,802,3,802,3,802,3,802
813,0,802,0,802,0,802,0,802,0,802
814,1,803,1,803,1,803,1,803,1,803
815,0,803,0,803,0,803,0,803,0,803
816,2,805,2,805,2,805,2,805,2,805
817,0,805,0,805,0,805,0,805,0,805
818,1,806,1,806,1,806,1,806,1,806
819,0,806,0,806,0,806,0,806,0,806
820,6,812,6,812,6,812,6,812,6,812
821,0,812,0,812,0,812,0,812,0,812
822,1,813,1,813,1,813,1,813,1,813
823,0,813,0,813,0,813,0,813,0,813
824,2,815,2,815,2,815,2,815,2,815
825,0,815,0,815,0,815,0,815,0,815
826,1,816,1,816,1,816,1,816,1,816
827,0,816,0,816,0,816,0,816,0,816
828,3,819,3,819,3,819,3,819,3,819
829,0,819,0,819,0,819,0,819,0,819
830,1,820,1,820,1,820,1,820,1,820
831,0,820,0,820,0,820,0,820,0,820
832,2,822,2,822,2,822,2,822,2,822
833,0,822,0,822,0,822,0,822,0,822
834,1,823,1,823,1,823,1,823,1,823
835,0,823,0,823,0,823,0,823,0,823
836,4,827,4,827,4,827,4,827,4,827
837,0,827,0,827,0,827,0,827,0,827
838,1,828,1,828,1,828,1,828,1,828
839,0,828,0,828,0,828,0,828,0,828
840,2,830,2,830,2,830,2,830,2,830
841,0,830,0,830,0,830,0,830,0,830
842,1,831,1,831,1,831,1,831,1,831
843,0,831,0,831,0,831,0,831,0,831
844,3,834,3,834,3,834,3,834,3,834
845,0,834,0,834,0,834,0,834,0,834
846,1,835,1,835,1,835,1,835,1,835
847,0,835,0,835,0,835,0,835,0,835
848,2,837,2,837,2,837,2,837,2,837
849,0,837,0,837,0,837,0,837,0,837
850,1,838,1,838,1,838,1,838,1,838
851,0,838,0,838,0,838,0,838,0,838
852,5,843,5,843,5,843,5,843,5,843
853,0,843,0,843,0,843,0,843,0,843
854,1,844,1,844,1,844,1,844,1,844
855,0,844,0,844,0,844,0,844,0,844
856,2,846,2,846,2,846,2,846,2,846
857,0,846,0,846,0,846,0,846,0,846
858,1,847,1,847,1,847,1,847,1,847
859,0,847,0,847,0,847,0,847,0,847
860,3,850,3,850,3,850,3,850,3,850
861,0,850,0,850,0,850,0,850,0,850
862,1,851,1,851,1,851,1,851,1,851
863,0,851,0,851,0,851,0,851,0,851
864,2,853,2,853,2,853,2,853,2,853
865,0,853,0,853,0,853,0,853,0,853
866,1,854,1,854,1,854,1,854,1,854
867,0,854,0,854,0,854,0,854,0,854
868,4,858,4,858,4,858,4,858,4,858
869,0,858,0,858,0,858,0,858,0,858
870,1,859,1,859,1,859,1,859,1,859
871,0,859,0,859,0,859,0,859,0,859
872,2,861,2,861,2,861,2,861,2,861
873,0,861,0,861,0,861,0,861,0,861
874,1,862,1,862,1,862,1,862,1,862
875,0,862,0,862,0,862,0,862,0,862
876,3,865,3,865,3,865,3,865,3,865
877,0,865,0,865,0,865,0,865,0,865
878,1,866,1,866,1,866,1,866,1,866
879,0,866,0,866,0,866,0,866,0,866
880,2,868,2,868,2,868,2,868,2,868
881,0,868,0,868,0,868,0,868,0,868
882,1,869,1,869,1,869,1,869,1,869
883,0,869,0,869,0,869,0,869,0,869
884,7,876,7,876,7,876,7,876,7,876
885,0,876,0,876,0,876,0,876,0,876
886,1,877,1,877,1,877,1,877,1,877
887,0,877,0,877,0,877,0,877,0,877
888,2,879,2,879,2,879,2,879,2,879
889,0,879,0,879,0,879,0,879,0,879
890,1,880,1,880,1,880,1,880,1,880
891,0,880,0,880,0,880,0,880,0,880
892,3,883,3,883,3,883,3,883,3,883
893,0,883,0,883,0,883,0,883,0,883
894,1,884,1,884,1,884,1,884,1,884
895,0,884,0,884,0,884,0,884,0,884
896,2,886,2,886,2,886,2,886,2,886
897,0,886,0,886,0,886,0,886,0,886
898,1,887,1,887,1,887,1,887,1,887
899,0,887,0,887,0,887,0,887,0,887
900,4,891,4,891,4,891,4,891,4,891
901,0,891,0,891,0,891,0,891,0,891
902,1,892,1,892,1,892,1,892,1,892
903,0,892,0,892,0,892,0,892,0,892
904,2,894,2,894,2,894,2,894,2,894
905,0,894,0,894,0,894,0,894,0,894
906,1,895,1,895,1,895,1,895,1,895
907,0,895,0,895,0,895,0,895,0,895
908,3,898,3,898,3,898,3,898,3,898
909,0,898,0,898,0,898,0,898,0,898
910,1,899,1,899,1,899,1,899,1,899
911,0,899,0,899,0,899,0,899,0,899
912,2,901,2,901,2,901,2,901,2,901
913,0,901,0,901,0,901,0,901,0,901
914,1,902,1,902,1,902,1,902,1,902
915,0,902,0,902,0,902,0,902,0,902
916,5,907,5,907,5,907,5,907,5,907
917,0,907,0,907,0,907,0,907,0,907
918,1,908,1,908,1,908,1,908,1,908
919,0,908,0,908,0,908,0,908,0,908
920,2,910,2,910,2,910,2,910,2,910
921,0,910,0,910,0,910,0,910,0,910
922,1,911,1,911,1,911,1,911,1,911
923,0,911,0,911,0,911,0,911,0,911
924,3,914,3,914,3,914,3,914,3,914
925,0,914,0,914,0,914,0,914,0,914
926,1,915,1,915,1,915,1,915,1,915
927,0,915,0,915,0,915,0,915,0,915
928,2,917,2,917,2,917,2,917,2,917
929,0,917,0,917,0,917,0,917,0,917
930,1,918,1,918,1,918,1,918,1,918
931,0,918,0,918,0,918,0,918,0,918
932,4,922,4,922,4,922,4,922,4,922
933,0,922,0,922,0,922,0,922,0,922
934,1,923,1,923,1,923,1,923,1,923
935,0,923,0,923,0,923,0,923,0,923
936,2,925,2,925,2,925,2,925,2,925
937,0,925,0,925,0,925,0,925,0,925
938,1,926,1,926,1,926,1,926,1,926
939,0,926,0,926,0,926,0,926,0,926
940,3,929,3,929,3,929,3,929,3,929
941,0,929,0,929,0,929,0,929,0,929
942,1,930,1,930,1,930,1,930,1,930
943,0,930,0,930,0,930,0,930,0,930
944,2,932,2,932,2,932,2,932,2,932
945,0,932,0,932,0,932,0,932,0,932
946,1,933,1,933,1,933,1,933,1,933
947,0,933,0,933,0,933,0,933,0,933
948,6,939,6,939,6,939,6,939,6,939
949,0,939,0,939,0,939,0,939,0,939
950,1,940,1,940,1,940,1,940,1,940
951,0,940,0,940,0,940,0,940,0,940
952,2,942,2,942,2,942,2,942,2,942
953,0,942,0,942,0,942,0,942,0,942
954,1,943,1,943,1,943,1,943,1,943
955,0,943,0,943,0,943,0,943,0,943
956,3,946,3,946,3,946,3,946,3,946
957,0,946,0,946,0,946,0,946,0,946
958,1,947,1,947,1,947,1,947,1,947
959,0,947,0,947,0,947,0,947,0,947
960,2,949,2,949,2,949,2,949,2,949
961,0,949,0,949,0,949,0,949,0,949
962,1,950,1,950,1,950,1,950,1,950
963,0,950,0,950,0,950,0,950,0,950
964,4,954,4,954,4,954,4,954,4,954
965,0,954,0,954,0,954,0,954,0,954
966,1,955,1,955,1,955,1,955,1,955
967,0,955,0,955,0,955,0,955,0,955
968,2,957,2,957,2,957,2,957,2,957
969,0,957,0,957,0,957,0,957,0,957
970,1,958,1,958,1,958,1,958,1,958
971,0,958,0,958,0,958,0,958,0,958
972,3,961,3,961,3,961,3,961,3,961
973,0,961,0,961,0,961,0,961,0,961
974,1,962,1,962,1,962,1,962,1,962
975,0,962,0,962,0,962,0,962,0,962
976,2,964,2,964,2,964,2,964,2,964
977,0,964,0,964,0,964,0,964,0,964
978,1,965,1,965,1,965,1,965,1,965
979,0,965,0,965,0,965,0,965,0,965
980,5,970,5,970,5,970,5,970,5,970
981,0,970,0,970,0,970,0,970,0,970
982,1,971,1,971,1,971,1,971,1,971
983,0,971,0,971,0,971,0,971,0,971
984,2,973,2,973,2,973,2,973,2,973
985,0,973,0,973,0,973,0,973,0,973
986,1,974,1,974,1,974,1,974,1,974
987,0,974,0,974,0,974,0,974,0,974
988,3,977,3,977,3,977,3,977,3,977
989,0,977,0,977,0,977,0,977,0,977
990,1,978,1,978,1,978,1,978,1,978
991,0,978,0,978,0,978,0,978,0,978
992,2,980,2,980,2,980,2,980,2,980
993,0,980,0,980,0,980,0,980,0,980
994,1,981,1,981,1,981,1,981,1,981
995,0,981,0,981,0,981,0,981,0,981
996,4,985,4,985,4,985,4,985,4,985
997,0,985,0,985,0,985,0,985,0,985
998,1,986,1,986,1,986,1,986,1,986
999,0,986,0,986,0,986,0,986,0,986
1000,2,988,2,988,2,988,2,988,2,988
1001,6,994,6,994,6,994,6,994,6,994
1002,12,1006,12,1006,6,1000,11,1005,12,1006
1003,17,1023,17,1023,16,1016,13,1018,17,1023
1004,15,1038,13,1036,14,1030,12,1030,15,1038
1005,13,1051,16,1052,16,1046,14,1044,14,1052
1006,13,1064,13,1065,12,1058,13,1057,13,1065
1007,13,1077,15,1080,16,1074,16,1073,16,1081
1008,12,1089,14,1094,14,1088,14,1087,14,1095
1009,15,1104,14,1108,15,1103,15,1102,13,1108
1010,8,1112,8,1116,9,1112,9,1111,8,1116
1011,18,1130,18,1134,16,1128,18,1129,18,1134
1012,15,1145,13,1147,15,1143,15,1144,16,1150
1013,14,1159,12,1159,15,1158,17,1161,17,1167
1014,14,1173,11,1170,14,1172,8,1169,11,1178
1015,16,1189,16,1186,16,1188,17,1186,17,1195
1016,15,1204,15,1201,14,1202,15,1201,13,1208
1017,16,1220,14,1215,15,1217,14,1215,16,1224
1018,12,1232,12,1227,10,1227,9,1224,12,1236
1019,17,1249,15,1242,16,1243,17,1241,17,1253
1020,15,1264,15,1257,13,1256,15,1256,15,1268
1021,16,1280,16,1273,15,1271,15,1271,14,1282
1022,11,1291,13,1286,13,1284,13,1284,13,1295
1023,16,1307,15,1301,16,1300,13,1297,14,1309
1024,14,1321,11,1312,14,1314,14,1311,13,1322
1025,14,1335,15,1327,15,1329,12,1323,15,1337
1026,8,1343,10,1337,10,1339,10,1333,9,1346
1027,17,1360,15,1352,17,1356,17,1350,16,1362
1028,12,1372,14,1366,15,1371,15,1365,15,1377
1029,15,1387,16,1382,16,1387,16,1381,16,1393
1030,12,1399,13,1395,11,1398,13,1394,13,1406
1031,15,1414,16,1411,16,1414,14,1408,15,1421
1032,14,1428,14,1425,12,1426,14,1422,13,1434
1033,12,1440,14,1439,15,1441,15,1437,15,1449
1034,10,1450,9,1448,10,1451,11,1448,10,1459
1035,16,1466,14,1462,15,1466,16,1464,16,1475
1036,13,1479,14,1476,14,1480,14,1478,13,1488
1037,13,1492,14,1490,14,1494,15,1493,15,1503
1038,11,1503,10,1500,10,1504,10,1503,12,1515
1039,14,1517,15,1515,15,1519,14,1517,15,1530
1040,13,1530,13,1528,13,1532,13,1530,13,1543
1041,14,1544,13,1541,12,1544,13,1543,14,1557
1042,7,1551,7,1548,6,1550,7,1550,6,1563
1043,17,1568,18,1566,17,1567,18,1568,16,1579
1044,16,1584,16,1582,15,1582,12,1580,15,1594
1045,17,1601,17,1599,16,1598,17,1597,17,1611
1046,14,1615,14,1613,14,1612,10,1607,14,1625
1047,16,1631,17,1630,17,1629,16,1623,16,1641
1048,14,1645,15,1645,14,1643,15,1638,13,1654
1049,16,1661,16,1661,16,1659,15,1653,12,1666
1050,11,1672,12,1673,11,1670,12,1665,12,1678
1051,15,1687,17,1690,17,1687,17,1682,16,1694
1052,13,1700,14,1704,15,1702,15,1697,15,1709
1053,15,1715,16,1720,16,1718,15,1712,16,1725
1054,11,1726,13,1733,13,1731,11,1723,9,1734
1055,15,1741,16,1749,16,1747,12,1735,16,1750
1056,14,1755,14,1763,14,1761,14,1749,14,1764
1057,13,1768,15,1778,15,1776,13,1762,11,1775
1058,10,1778,10,1788,9,1785,8,1770,10,1785
1059,16,1794,16,1804,17,1802,17,1787,16,1801
1060,15,1809,13,1817,15,1817,15,1802,15,1816
1061,14,1823,16,1833,16,1833,15,1817,14,1830
1062,13,1836,13,1846,12,1845,13,1830,12,1842
1063,15,1851,15,1861,16,1861,15,1845,14,1856
1064,14,1865,14,1875,13,1874,14,1859,14,1870
1065,13,1878,15,1890,15,1889,14,1873,15,1885
1066,11,1889,10,1900,11,1900,10,1883,10,1895
1067,15,1904,16,1916,16,1916,15,1898,15,1910
1068,13,1917,12,1928,12,1928,13,1911,14,1924
1069,15,1932,15,1943,14,1942,15,1926,14,1938
1070,10,1942,10,1953,12,1954,12,1938,12,1950
1071,15,1957,13,1966,14,1968,15,1953,15,1965
1072,12,1969,13,1979,13,1981,12,1965,13,1978
1073,14,1983,14,1993,14,1995,14,1979,12,1990
1074,8,1991,7,2000,8,2003,6,1985,8,1998
1075,16,2007,17,2017,17,2020,16,2001,15,2013
1076,13,2020,15,2032,15,2035,13,2014,13,2026
1077,16,2036,15,2047,16,2051,16,2030,16,2042
1078,11,2047,13,2060,13,2064,11,2041,13,2055
1079,16,2063,16,2076,16,2080,14,2055,16,2071
1080,14,2077,13,2089,14,2094,13,2068,12,2083
1081,15,2092,13,2102,15,2109,15,2083,15,2098
1082,11,2103,11,2113,9,2118,9,2092,10,2108
1083,16,2119,16,2129,15,2133,15,2107,16,2124
1084,12,2131,14,2143,14,2147,14,2121,13,2137
1085,15,2146,15,2158,15,2162,13,2134,13,2150
1086,12,2158,12,2170,12,2174,11,2145,11,2161
1087,15,2173,15,2185,14,2188,13,2158,14,2175
1088,13,2186,11,2196,12,2200,13,2171,13,2188
1089,14,2200,14,2210,14,2214,14,2185,13,2201
1090,9,2209,7,2217,9,2223,9,2194,9,2210
1091,15,2224,14,2231,14,2237,16,2210,16,2226
1092,13,2237,14,2245,14,2251,14,2224,13,2239
1093,14,2251,14,2259,15,2266,14,2238,14,2253
1094,12,2263,12,2271,6,2272,11,2249,11,2264
1095,14,2277,14,2285,14,2286,14,2263,15,2279
1096,12,2289,12,2297,13,2299,13,2276,12,2291
1097,14,2303,13,2310,14,2313,12,2288,14,2305
1098,10,2313,10,2320,10,2323,10,2298,10,2315
1099,15,2328,14,2334,15,2338,13,2311,13,2328
1100,12,2340,13,2347,12,2350,13,2324,13,2341
1101,14,2354,14,2361,12,2362,13,2337,14,2355
1102,11,2365,11,2372,11,2373,11,2348,10,2365
1103,13,2378,14,2386,14,2387,13,2361,14,2379
1104,11,2389,10,2396,11,2398,10,2371,12,2391
1105,12,2401,11,2407,13,2411,13,2384,12,2403
1106,5,2406,5,2412,5,2416,4,2388,4,2407
1107,18,2424,17,2429,18,2434,14,2402,17,2424
1108,15,2439,16,2445,16,2450,13,2415,16,2440
1109,17,2456,16,2461,17,2467,16,2431,16,2456
1110,14,2470,13,2474,13,2480,13,2444,13,2469
1111,16,2486,17,2491,16,2496,16,2460,16,2485
1112,15,2501,15,2506,15,2511,15,2475,14,2499
1113,16,2517,16,2522,16,2527,15,2490,16,2515
1114,12,2529,12,2534,11,2538,11,2501,12,2527
1115,16,2545,16,2550,17,2555,17,2518,17,2544
1116,15,2560,12,2562,14,2569,15,2533,15,2559
1117,16,2576,15,2577,16,2585,15,2548,13,2572
1118,10,2586,13,2590,12,2597,13,2561,13,2585
1119,16,2602,16,2606,15,2612,15,2576,16,2601
1120,14,2616,14,2620,14,2626,14,2590,9,2610
1121,14,2630,15,2635,11,2637,11,2601,15,2625
1122,10,2640,10,2645,10,2647,9,2610,9,2634
1123,17,2657,16,2661,16,2663,17,2627,17,2651
1124,14,2671,14,2675,14,2677,15,2642,14,2665
1125,16,2687,16,2691,16,2693,16,2658,16,2681
1126,13,2700,13,2704,13,2706,13,2671,13,2694
1127,15,2715,16,2720,15,2721,15,2686,15,2709
1128,14,2729,13,2733,13,2734,10,2696,14,2723
1129,14,2743,15,2748,15,2749,15,2711,15,2738
1130,11,2754,11,2759,10,2759,11,2722,11,2749
1131,15,2769,16,2775,16,2775,16,2738,16,2765
1132,11,2780,14,2789,14,2789,14,2752,14,2779
1133,14,2794,14,2803,15,2804,14,2766,15,2794
1134,9,2803,11,2814,11,2815,11,2777,12,2806
1135,14,2817,15,2829,14,2829,14,2791,14,2820
1136,13,2830,13,2842,13,2842,13,2804,9,2829
1137,14,2844,14,2856,14,2856,14,2818,11,2840
1138,8,2852,8,2864,7,2863,8,2826,8,2848
1139,17,2869,12,2876,17,2880,17,2843,17,2865
1140,14,2883,15,2891,15,2895,12,2855,15,2880
1141,15,2898,15,2906,16,2911,15,2870,15,2895
1142,13,2911,13,2919,13,2924,12,2882,13,2908
1143,16,2927,16,2935,15,2939,15,2897,16,2924
1144,14,2941,8,2943,13,2952,14,2911,13,2937
1145,12,2953,15,2958,15,2967,15,2926,15,2952
1146,10,2963,11,2969,11,2978,11,2937,11,2963
1147,15,2978,15,2984,16,2994,13,2950,16,2979
1148,14,2992,14,2998,9,3003,13,2963,13,2992
1149,15,3007,14,3012,15,3018,14,2977,10,3002
1150,12,3019,12,3024,12,3030,12,2989,12,3014
1151,12,3031,15,3039,12,3042,15,3004,12,3026
1152,13,3044,13,3052,12,3054,13,3017,13,3039
1153,14,3058,14,3066,14,3068,13,3030,11,3050
1154,8,3066,9,3075,8,3076,9,3039,8,3058
1155,16,3082,15,3090,16,3092,16,3055,16,3074
1156,14,3096,14,3104,13,3105,14,3069,13,3087
1157,12,3108,15,3119,12,3117,15,3084,14,3101
1158,9,3117,12,3131,12,3129,11,3095,9,3110
1159,15,3132,14,3145,15,3144,14,3109,15,3125
1160,13,3145,12,3157,12,3156,10,3119,13,3138
1161,13,3158,11,3168,13,3169,14,3133,14,3152
1162,9,3167,10,3178,10,3179,10,3143,10,3162
1163,15,3182,14,3192,15,3194,14,3157,15,3177
1164,12,3194,13,3205,12,3206,13,3170,13,3190
1165,14,3208,13,3218,13,3219,14,3184,14,3204
1166,11,3219,10,3228,11,3230,8,3192,11,3215
1167,13,3232,13,3241,13,3243,13,3205,14,3229
1168,12,3244,12,3253,9,3252,11,3216,9,3238
1169,13,3257,12,3265,13,3265,10,3226,12,3250
1170,5,3262,6,3271,6,3271,3,3229,6,3256
1171,17,3279,17,3288,16,3287,17,3246,17,3273
1172,15,3294,15,3303,15,3302,15,3261,14,3287
1173,16,3310,16,3319,16,3318,15,3276,15,3302
1174,12,3322,12,3331,13,3331,13,3289,12,3314
1175,16,3338,15,3346,16,3347,16,3305,15,3329
1176,10,3348,14,3360,10,3357,13,3318,9,3338
1177,15,3363,14,3374,15,3372,14,3332,15,3353
1178,7,3370,11,3385,11,3383,11,3343,11,3364
1179,16,3386,16,3401,16,3399,12,3355,15,3379
1180,10,3396,13,3414,10,3409,14,3369,14,3393
1181,15,3411,15,3429,14,3423,15,3384,15,3408
1182,12,3423,12,3441,12,3435,12,3396,7,3415
1183,11,3434,15,3456,15,3450,14,3410,14,3429
1184,13,3447,13,3469,9,3459,13,3423,12,3441
1185,14,3461,14,3483,14,3473,10,3433,14,3455
1186,9,3470,9,3492,8,3481,9,3442,8,3463
1187,15,3485,16,3508,15,3496,16,3458,16,3479
1188,13,3498,13,3521,14,3510,13,3471,13,3492
1189,15,3513,15,3536,14,3524,14,3485,15,3507
1190,12,3525,12,3548,12,3536,12,3497,6,3513
1191,15,3540,15,3563,15,3551,15,3512,15,3528
1192,13,3553,13,3576,13,3564,13,3525,13,3541
1193,13,3566,10,3586,14,3578,14,3539,13,3554
1194,9,3575,10,3596,9,3587,10,3549,10,3564
1195,15,3590,15,3611,15,3602,15,3564,15,3579
1196,13,3603,12,3623,13,3615,12,3576,13,3592
1197,14,3617,14,3637,14,3629,14,3590,13,3605
1198,11,3628,10,3647,11,3640,11,3601,10,3615
1199,10,3638,13,3660,14,3654,14,3615,14,3629
1200,12,3650,11,3671,11,3665,12,3627,11,3640
1201,13,3663,13,3684,12,3677,13,3640,9,3649
1202,7,3670,7,3691,7,3684,7,3647,7,3656
1203,16,3686,15,3706,10,3694,16,3663,16,3672
1204,13,3699,13,3719,13,3707,14,3677,13,3685
1205,15,3714,15,3734,14,3721,15,3692,15,3700
1206,12,3726,5,3739,12,3733,11,3703,11,3711
1207,15,3741,15,3754,15,3748,15,3718,15,3726
1208,13,3754,12,3766,12,3760,13,3731,13,3739
1209,14,3768,13,3779,13,3773,13,3744,14,3753
1210,9,3777,10,3789,10,3783,10,3754,9,3762
1211,15,3792,15,3804,14,3797,15,3769,14,3776
1212,13,3805,13,3817,12,3809,13,3782,13,3789
1213,14,3819,14,3831,13,3822,14,3796,14,3803
1214,11,3830,11,3842,11,3833,10,3806,11,3814
1215,14,3844,14,3856,13,3846,14,3820,14,3828
1216,11,3855,12,3868,12,3858,12,3832,12,3840
1217,12,3867,12,3880,13,3871,13,3845,13,3853
1218,8,3875,8,3888,7,3878,7,3852,7,3860
1219,14,3889,15,3903,14,3892,15,3867,15,3875
1220,13,3902,12,3915,12,3904,12,3879,12,3887
1221,13,3915,14,3929,14,3918,14,3893,13,3900
1222,11,3926,10,3939,10,3928,11,3904,11,3911
1223,13,3939,14,3953,14,3942,14,3918,14,3925
1224,11,3950,12,3965,12,3954,12,3930,12,3937
1225,13,3963,12,3977,13,3967,13,3943,13,3950
1226,8,3971,9,3986,9,3976,9,3952,9,3959
1227,14,3985,13,3999,13,3989,13,3965,13,3972
1228,11,3996,12,4011,11,4000,12,3977,11,3983
1229,13,4009,12,4023,13,4013,12,3989,13,3996
1230,9,4018,10,4033,9,4022,9,3998,10,4006
1231,13,4031,12,4045,13,4035,13,4011,13,4019
1232,10,4041,10,4055,10,4045,10,4021,11,4030
1233,12,4053,12,4067,12,4057,12,4033,11,4041
1234,3,4056,3,4070,3,4060,3,4036,3,4044
1235,18,4074,18,4088,16,4076,18,4054,14,4058
1236,13,4087,11,4099,14,4090,16,4070,16,4074
1237,17,4104,10,4109,15,4105,13,4083,17,4091
1238,14,4118,11,4120,14,4119,14,4097,14,4105
1239,17,4135,15,4135,17,4136,15,4112,17,4122
1240,15,4150,13,4148,12,4148,15,4127,13,4135
1241,16,4166,16,4164,13,4161,16,4143,16,4151
1242,12,4178,12,4176,12,4173,12,4155,12,4163
1243,14,4192,17,4193,15,4188,17,4172,17,4180
1244,15,4207,15,4208,11,4199,15,4187,15,4195
1245,14,4221,16,4224,16,4215,14,4201,16,4211
1246,10,4231,13,4237,13,4228,13,4214,13,4224
1247,16,4247,16,4253,16,4244,16,4230,16,4240
1248,14,4261,11,4264,14,4258,14,4244,14,4254
1249,15,4276,15,4279,15,4273,15,4259,12,4266
1250,8,4284,10,4289,8,4281,10,4269,10,4276
1251,15,4299,17,4306,15,4296,17,4286,17,4293
1252,15,4314,13,4319,13,4309,12,4298,15,4308
1253,16,4330,14,4333,16,4325,14,4312,16,4324
1254,13,4343,10,4343,13,4338,13,4325,10,4334
1255,12,4355,16,4359,12,4350,16,4341,16,4350
1256,14,4369,11,4370,14,4364,12,4353,11,4361
1257,15,4384,15,4385,15,4379,15,4368,15,4376
1258,5,4389,11,4396,11,4390,11,4379,9,4385
1259,13,4402,14,4410,16,4406,16,4395,16,4401
1260,11,4413,14,4424,12,4418,11,4406,14,4415
1261,15,4428,13,4437,15,4433,15,4421,13,4428
1262,10,4438,12,4449,12,4445,12,4433,12,4440
1263,15,4453,15,4464,13,4458,7,4440,15,4455
1264,10,4463,13,4477,10,4468,11,4451,13,4468
1265,14,4477,14,4491,14,4482,12,4463,12,4480
1266,6,4483,8,4499,5,4487,8,4471,8,4488
1267,17,4500,17,4516,15,4502,15,4486,12,4500
1268,15,4515,15,4531,15,4517,15,4501,15,4515
1269,16,4531,16,4547,16,4533,16,4517,13,4528
1270,13,4544,6,4553,13,4546,13,4530,11,4539
1271,14,4558,16,4569,16,4562,16,4546,16,4555
1272,12,4570,14,4583,14,4576,14,4560,14,4569
1273,15,4585,12,4595,15,4591,15,4575,15,4584
1274,11,4596,11,4606,11,4602,11,4586,8,4592
1275,16,4612,16,4622,16,4618,16,4602,16,4608
1276,14,4626,11,4633,9,4627,14,4616,14,4622
1277,13,4639,15,4648,15,4642,15,4631,15,4637
1278,12,4651,12,4660,12,4654,12,4643,9,4646
1279,12,4663,15,4675,15,4669,15,4658,15,4661
1280,13,4676,13,4688,13,4682,11,4669,11,4672
1281,11,4687,14,4702,11,4693,14,4683,14,4686
1282,9,4696,7,4709,9,4702,9,4692,9,4695
1283,14,4710,16,4725,16,4718,16,4708,16,4711
1284,14,4724,14,4739,14,4732,14,4722,14,4725
1285,15,4739,13,4752,15,4747,15,4737,15,4740
1286,12,4751,9,4761,10,4757,12,4749,12,4752
1287,12,4763,15,4776,15,4772,15,4764,13,4765
1288,13,4776,13,4789,11,4783,13,4777,13,4778
1289,14,4790,14,4803,14,4797,14,4791,14,4792
1290,10,4800,10,4813,10,4807,10,4801,10,4802
1291,13,4813,15,4828,15,4822,13,4814,15,4817
1292,13,4826,11,4839,13,4835,13,4827,11,4828
1293,11,4837,12,4851,14,4849,14,4841,12,4840
1294,9,4846,9,4860,11,4860,9,4850,11,4851
1295,14,4860,14,4874,14,4874,14,4864,11,4862
1296,12,4872,12,4886,10,4884,12,4876,12,4874
1297,13,4885,13,4899,13,4897,11,4887,13,4887
1298,6,4891,6,4905,6,4903,6,4893,6,4893
1299,13,4904,17,4922,17,4920,15,4908,17,4910
1300,15,4919,15,4937,15,4935,13,4921,15,4925
1301,14,4933,16,4953,16,4951,11,4932,16,4941
1302,13,4946,9,4962,13,4964,13,4945,13,4954
1303,16,4962,14,4976,14,4978,12,4957,12,4966
1304,14,4976,14,4990,14,4992,10,4967,12,4978
1305,13,4989,13,5003,15,5007,15,4982,15,4993
1306,11,5000,11,5014,9,5016,11,4993,5,4998
1307,14,5014,16,5030,16,5032,14,5007,14,5012
1308,14,5028,14,5044,14,5046,14,5021,14,5026
1309,15,5043,15,5059,15,5061,13,5034,15,5041
1310,10,5053,8,5067,12,5073,12,5046,12,5053
1311,13,5066,15,5082,15,5088,13,5059,13,5066
1312,11,5077,13,5095,13,5101,13,5072,13,5079
1313,14,5091,12,5107,12,5113,14,5086,14,5093
1314,9,5100,4,5111,9,5122,9,5095,9,5102
1315,16,5116,14,5125,14,5136,14,5109,16,5118
1316,12,5128,14,5139,14,5150,14,5123,14,5132
1317,15,5143,15,5154,13,5163,15,5138,13,5145
1318,12,5155,12,5166,12,5175,10,5148,12,5157
1319,13,5168,15,5181,15,5190,15,5163,15,5172
1320,11,5179,11,5192,13,5203,13,5176,13,5185
1321,14,5193,14,5206,12,5215,14,5190,12,5197
1322,10,5203,10,5216,10,5225,10,5200,10,5207
1323,15,5218,15,5231,13,5238,15,5215,11,5218
1324,13,5231,11,5242,13,5251,13,5228,13,5231
1325,14,5245,12,5254,14,5265,12,5240,14,5245
1326,11,5256,11,5265,11,5276,11,5251,9,5254
1327,14,5270,14,5279,14,5290,14,5265,12,5266
1328,10,5280,12,5291,12,5302,10,5275,12,5278
1329,13,5293,13,5304,13,5315,13,5288,11,5289
1330,7,5300,7,5311,7,5322,7,5295,7,5296
1331,16,5316,16,5327,14,5336,16,5311,16,5312
1332,12,5328,8,5335,14,5350,14,5325,12,5324
1333,15,5343,15,5350,15,5365,15,5340,15,5339
1334,12,5355,12,5362,10,5375,12,5352,12,5351
1335,15,5370,15,5377,15,5390,15,5367,15,5366
1336,13,5383,13,5390,7,5397,13,5380,11,5377
1337,14,5397,14,5404,14,5411,14,5394,12,5389
1338,10,5407,10,5414,10,5421,8,5402,10,5399
1339,15,5422,15,5429,15,5436,15,5417,15,5414
1340,13,5435,13,5442,13,5449,13,5430,11,5425
1341,14,5449,14,5456,12,5461,14,5444,14,5439
1342,11,5460,9,5465,11,5472,6,5450,11,5450
1343,14,5474,14,5479,14,5486,14,5464,14,5464
1344,12,5486,10,5489,10,5496,12,5476,12,5476
1345,13,5499,13,5502,13,5509,13,5489,13,5489
1346,6,5505,8,5510,8,5517,8,5497,8,5497
1347,15,5520,15,5525,15,5532,15,5512,13,5510
1348,13,5533,13,5538,11,5543,13,5525,13,5523
1349,14,5547,14,5552,14,5557,14,5539,14,5537
1350,11,5558,11,5563,11,5568,11,5550,11,5548
1351,14,5572,14,5577,14,5582,14,5564,14,5562
1352,12,5584,10,5587,10,5592,12,5576,12,5574
1353,13,5597,13,5600,13,5605,11,5587,13,5587
1354,9,5606,9,5609,9,5614,9,5596,9,5596
1355,14,5620,12,5621,14,5628,14,5610,14,5610
1356,12,5632,12,5633,12,5640,12,5622,12,5622
1357,13,5645,13,5646,13,5653,13,5635,13,5635
1358,10,5655,10,5656,8,5661,10,5645,8,5643
1359,13,5668,11,5667,11,5672,11,5656,13,5656
1360,11,5679,11,5678,11,5683,11,5667,11,5667
1361,12,5691,12,5690,12,5695,10,5677,12,5679
1362,4,5695,4,5694,2,5697,4,5681,4,5683
1363,17,5712,14,5708,13,5710,17,5698,13,5696
1364,15,5727,15,5723,15,5725,12,5710,15,5711
1365,16,5743,16,5739,16,5741,16,5726,16,5727
1366,13,5756,13,5752,13,5754,8,5734,13,5740
1367,16,5772,16,5768,16,5770,16,5750,16,5756
1368,14,5786,14,5782,14,5784,14,5764,14,5770
1369,15,5801,15,5797,15,5799,15,5779,15,5785
1370,11,5812,11,5808,8,5807,11,5790,11,5796
1371,16,5828,16,5824,16,5823,16,5806,16,5812
1372,14,5842,14,5838,14,5837,9,5815,6,5818
1373,15,5857,11,5849,15,5852,15,5830,15,5833
1374,12,5869,12,5861,12,5864,12,5842,9,5842
1375,15,5884,15,5876,15,5879,15,5857,15,5857
1376,13,5897,13,5889,13,5892,13,5870,13,5870
1377,14,5911,14,5903,14,5906,14,5884,14,5884
1378,6,5917,9,5912,9,5915,9,5893,9,5893
1379,16,5933,13,5925,16,5931,12,5905,16,5909
1380,14,5947,14,5939,14,5945,14,5919,14,5923
1381,15,5962,15,5954,15,5960,15,5934,15,5938
1382,12,5974,12,5966,12,5972,12,5946,12,5950
1383,15,5989,15,5981,15,5987,15,5961,12,5962
1384,13,6002,13,5994,13,6000,13,5974,13,5975
1385,14,6016,14,6008,14,6014,14,5988,14,5989
1386,7,6023,10,6018,10,6024,10,5998,10,5999
1387,15,6038,12,6030,15,6039,15,6013,15,6014
1388,13,6051,13,6043,13,6052,10,6023,13,6027
1389,14,6065,14,6057,14,6066,14,6037,14,6041
1390,8,6073,11,6068,11,6077,11,6048,7,6048
1391,11,6084,14,6082,14,6091,11,6059,14,6062
1392,12,6096,12,6094,12,6103,12,6071,12,6074
1393,13,6109,13,6107,13,6116,13,6084,13,6087
1394,7,6116,7,6114,7,6123,7,6091,7,6094
1395,16,6132,13,6127,16,6139,13,6104,16,6110
1396,14,6146,9,6136,14,6153,14,6118,11,6121
1397,15,6161,15,6151,15,6168,12,6130,15,6136
1398,12,6173,12,6163,12,6180,12,6142,9,6145
1399,12,6185,15,6178,15,6195,15,6157,15,6160
1400,10,6195,13,6191,13,6208,13,6170,10,6170
1401,14,6209,14,6205,14,6222,14,6184,14,6184
1402,10,6219,10,6215,10,6232,10,6194,10,6194
1403,15,6234,15,6230,12,6244,15,6209,12,6206
1404,13,6247,13,6243,10,6254,10,6219,13,6219
1405,14,6261,14,6257,11,6265,14,6233,14,6233
1406,11,6272,8,6265,8,6273,11,6244,11,6244
1407,14,6286,14,6279,14,6287,14,6258,14,6258
1408,12,6298,12,6291,12,6299,12,6270,9,6267
1409,13,6311,13,6304,13,6312,13,6283,8,6275
1410,5,6316,8,6312,8,6320,8,6291,8,6283
1411,15,6331,15,6327,9,6329,15,6306,15,6298
1412,13,6344,10,6337,13,6342,13,6319,13,6311
1413,14,6358,14,6351,14,6356,14,6333,14,6325
1414,11,6369,11,6362,11,6367,11,6344,11,6336
1415,14,6383,14,6376,14,6381,14,6358,14,6350
1416,12,6395,9,6385,12,6393,12,6370,12,6362
1417,13,6408,13,6398,13,6406,13,6383,13,6375
1418,9,6417,9,6407,9,6415,9,6392,9,6384
1419,14,6431,14,6421,14,6429,14,6406,14,6398
1420,12,6443,12,6433,12,6441,9,6415,12,6410
1421,10,6453,13,6446,10,6451,13,6428,13,6423
1422,10,6463,10,6456,10,6461,10,6438,10,6433
1423,13,6476,13,6469,13,6474,13,6451,10,6443
1424,11,6487,11,6480,11,6485,11,6462,11,6454
1425,12,6499,12,6492,12,6497,12,6474,12,6466
1426,5,6504,5,6497,5,6502,5,6479,5,6471
1427,16,6520,16,6513,16,6518,16,6495,16,6487
1428,14,6534,14,6527,14,6532,14,6509,14,6501
1429,15,6549,9,6536,11,6543,15,6524,15,6516
1430,12,6561,12,6548,12,6555,12,6536,8,6524
1431,15,6576,15,6563,15,6570,15,6551,15,6539
1432,13,6589,13,6576,13,6583,13,6564,13,6552
1433,14,6603,14,6590,14,6597,14,6578,14,6566
1434,10,6613,10,6600,6,6603,10,6588,10,6576
1435,15,6628,15,6615,15,6618,15,6603,15,6591
1436,13,6641,9,6624,13,6631,13,6616,13,6604
1437,14,6655,14,6638,14,6645,14,6630,14,6618
1438,11,6666,11,6649,11,6656,11,6641,11,6629
1439,14,6680,14,6663,14,6670,14,6655,14,6643
1440,12,6692,12,6675,12,6682,8,6663,12,6655
1441,9,6701,9,6684,13,6695,13,6676,13,6668
1442,8,6709,8,6692,8,6703,8,6684,8,6676
1443,15,6724,15,6707,15,6718,15,6699,15,6691
1444,13,6737,13,6720,13,6731,13,6712,13,6704
1445,14,6751,14,6734,14,6745,14,6726,14,6718
1446,11,6762,11,6745,7,6752,11,6737,11,6729
1447,14,6776,14,6759,14,6766,14,6751,14,6743
1448,12,6788,12,6771,12,6778,12,6763,12,6755
1449,13,6801,13,6784,7,6785,13,6776,13,6768
1450,5,6806,9,6793,9,6794,9,6785,9,6777
1451,14,6820,14,6807,14,6808,14,6799,14,6791
1452,12,6832,12,6819,12,6820,12,6811,12,6803
1453,13,6845,13,6832,9,6829,13,6824,13,6816
1454,10,6855,10,6842,10,6839,10,6834,10,6826
1455,13,6868,13,6855,13,6852,13,6847,13,6839
1456,11,6879,11,6866,11,6863,11,6858,11,6850
1457,12,6891,12,6878,12,6875,12,6870,12,6862
1458,6,6897,6,6884,2,6877,6,6876,2,6864
1459,15,6912,15,6899,15,6892,15,6891,15,6879
1460,13,6925,13,6912,13,6905,13,6904,13,6892
1461,14,6939,14,6926,14,6919,14,6918,14,6906
1462,11,6950,11,6937,11,6930,11,6929,11,6917
1463,14,6964,14,6951,14,6944,14,6943,14,6931
1464,12,6976,12,6963,12,6956,12,6955,12,6943
1465,13,6989,13,6976,13,6969,7,6962,13,6956
1466,9,6998,9,6985,9,6978,9,6971,9,6965
1467,14,7012,14,6999,14,6992,14,6985,14,6979
1468,12,7024,12,7011,12,7004,12,6997,12,6991
1469,13,7037,13,7024,13,7017,13,7010,13,7004
1470,10,7047,10,7034,10,7027,10,7020,10,7014
1471,13,7060,13,7047,13,7040,13,7033,13,7027
1472,11,7071,11,7058,11,7051,11,7044,11,7038
1473,12,7083,12,7070,12,7063,12,7056,12,7050
1474,7,7090,7,7077,7,7070,7,7063,7,7057
1475,14,7104,14,7091,14,7084,14,7077,14,7071
1476,12,7116,12,7103,12,7096,12,7089,12,7083
1477,13,7129,13,7116,13,7109,13,7102,13,7096
1478,10,7139,10,7126,10,7119,10,7112,10,7106
1479,13,7152,13,7139,13,7132,13,7125,13,7119
1480,11,7163,11,7150,11,7143,11,7136,11,7130
1481,12,7175,12,7162,12,7155,12,7148,12,7142
1482,8,7183,8,7170,8,7163,8,7156,8,7150
1483,13,7196,13,7183,13,7176,13,7169,13,7163
1484,11,7207,11,7194,11,7187,11,7180,11,7174
1485,12,7219,12,7206,12,7199,12,7192,12,7186
1486,9,7228,9,7215,9,7208,9,7201,9,7195
1487,12,7240,12,7227,12,7220,12,7213,12,7207
1488,10,7250,10,7237,10,7230,10,7223,10,7217
1489,11,7261,11,7248,11,7241,11,7234,11,7228
1490,1,7262,1,7249,1,7242,1,7235,1,7229
1491,16,7278,17,7266,17,7259,17,7252,17,7246
1492,14,7292,15,7281,15,7274,15,7267,15,7261
1493,12,7304,16,7297,16,7290,15,7282,15,7276
1494,12,7316,12,7309,13,7303,13,7295,12,7288
1495,16,7332,16,7325,16,7319,16,7311,14,7302
1496,14,7346,14,7339,13,7332,14,7325,14,7316
1497,15,7361,15,7354,15,7347,14,7339,15,7331
1498,11,7372,11,7365,11,7358,11,7350,11,7342
1499,16,7388,16,7381,16,7374,16,7366,16,7358
1500,11,7399,13,7394,14,7388,13,7379,14,7372
1501,14,7413,14,7408,15,7403,15,7394,15,7387
1502,12,7425,11,7419,12,7415,12,7406,9,7396
1503,14,7439,15,7434,15,7430,15,7421,13,7409
1504,12,7451,13,7447,13,7443,11,7432,13,7422
1505,12,7463,14,7461,12,7455,12,7444,14,7436
1506,6,7469,9,7470,9,7464,8,7452,8,7444
1507,16,7485,14,7484,16,7480,15,7467,16,7460
1508,13,7498,11,7495,12,7492,14,7481,14,7474
1509,15,7513,15,7510,14,7506,13,7494,15,7489
1510,11,7524,12,7522,12,7518,11,7505,12,7501
1511,15,7539,14,7536,15,7533,15,7520,15,7516
1512,12,7551,12,7548,12,7545,11,7531,12,7528
1513,14,7565,13,7561,13,7558,14,7545,11,7539
1514,9,7574,10,7571,10,7568,10,7555,8,7547
1515,15,7589,14,7585,13,7581,15,7570,13,7560
1516,13,7602,13,7598,10,7591,11,7581,13,7573
1517,12,7614,14,7612,13,7604,13,7594,14,7587
1518,10,7624,10,7622,11,7615,9,7603,11,7598
1519,13,7637,14,7636,14,7629,14,7617,14,7612
1520,12,7649,12,7648,12,7641,11,7628,11,7623
1521,13,7662,12,7660,12,7653,13,7641,12,7635
1522,5,7667,5,7665,7,7660,7,7648,7,7642
1523,16,7683,15,7680,16,7676,16,7664,12,7654
1524,14,7697,14,7694,14,7690,14,7678,9,7663
1525,13,7710,14,7708,14,7704,15,7693,14,7677
1526,12,7722,11,7719,12,7716,11,7704,11,7688
1527,10,7732,15,7734,15,7731,13,7717,13,7701
1528,11,7743,13,7747,12,7743,13,7730,13,7714
1529,14,7757,14,7761,14,7757,14,7744,14,7728
1530,10,7767,8,7769,9,7766,10,7754,10,7738
1531,11,7778,13,7782,11,7777,15,7769,14,7752
1532,12,7790,13,7795,13,7790,13,7782,13,7765
1533,14,7804,14,7809,14,7804,13,7795,13,7778
1534,11,7815,10,7819,9,7813,11,7806,11,7789
1535,13,7828,14,7833,14,7827,13,7819,13,7802
1536,12,7840,11,7844,10,7837,12,7831,12,7814
1537,11,7851,12,7856,12,7849,12,7843,12,7826
1538,8,7859,7,7863,8,7857,8,7851,7,7833
1539,15,7874,15,7878,14,7871,15,7866,13,7846
1540,13,7887,12,7890,13,7884,13,7879,7,7853
1541,14,7901,14,7904,13,7897,12,7891,13,7866
1542,10,7911,9,7913,11,7908,11,7902,11,7877
1543,13,7924,14,7927,13,7921,14,7916,14,7891
1544,12,7936,10,7937,10,7931,12,7928,10,7901
1545,11,7947,13,7950,11,7942,13,7941,13,7914
1546,8,7955,8,7958,8,7950,8,7949,9,7923
1547,13,7968,14,7972,14,7964,14,7963,14,7937
1548,12,7980,12,7984,12,7976,12,7975,11,7948
1549,13,7993,13,7997,11,7987,7,7982,13,7961
1550,10,8003,10,8007,10,7997,10,7992,8,7969
1551,11,8014,13,8020,12,8009,13,8005,13,7982
1552,11,8025,11,8031,11,8020,9,8014,11,7993
1553,12,8037,12,8043,12,8032,12,8026,11,8004
1554,3,8040,5,8048,5,8037,3,8029,5,8009
1555,15,8055,13,8061,16,8053,16,8045,16,8025
1556,14,8069,14,8075,14,8067,13,8058,11,8036
1557,15,8084,15,8090,15,8082,15,8073,15,8051
1558,11,8095,12,8102,8,8090,6,8079,11,8062
1559,15,8110,15,8117,15,8105,15,8094,12,8074
1560,13,8123,13,8130,13,8118,13,8107,13,8087
1561,14,8137,11,8141,13,8131,14,8121,14,8101
1562,9,8146,10,8151,10,8141,9,8130,10,8111
1563,11,8157,14,8165,14,8155,15,8145,15,8126
1564,12,8169,13,8178,12,8167,13,8158,13,8139
1565,14,8183,13,8191,10,8177,8,8166,14,8153
1566,11,8194,10,8201,11,8188,11,8177,7,8160
1567,14,8208,14,8215,13,8201,14,8191,14,8174
1568,12,8220,12,8227,11,8212,12,8203,11,8185
1569,12,8232,13,8240,12,8224,13,8216,13,8198
1570,8,8240,8,8248,8,8232,8,8224,8,8206
1571,15,8255,14,8262,14,8246,15,8239,14,8220
1572,13,8268,13,8275,12,8258,10,8249,13,8233
1573,11,8279,8,8283,14,8272,14,8263,14,8247
1574,11,8290,11,8294,10,8282,11,8274,11,8258
1575,14,8304,13,8307,13,8295,14,8288,13,8271
1576,12,8316,11,8318,12,8307,12,8300,12,8283
1577,12,8328,12,8330,13,8320,13,8313,13,8296
1578,8,8336,9,8339,9,8329,8,8321,8,8304
1579,13,8349,14,8353,13,8342,14,8335,13,8317
1580,12,8361,12,8365,12,8354,12,8347,11,8328
1581,13,8374,7,8372,12,8366,13,8360,12,8340
1582,10,8384,10,8382,10,8376,9,8369,10,8350
1583,12,8396,12,8394,12,8388,13,8382,12,8362
1584,11,8407,11,8405,11,8399,10,8392,10,8372
1585,11,8418,12,8417,12,8411,12,8404,12,8384
1586,5,8423,6,8423,3,8414,5,8409,3,8387
1587,14,8437,15,8438,14,8428,14,8423,14,8401
1588,8,8445,8,8446,13,8441,13,8436,12,8413
1589,13,8458,14,8460,14,8455,10,8446,13,8426
1590,10,8468,11,8471,11,8466,11,8457,11,8437
1591,14,8482,10,8481,13,8479,13,8470,14,8451
1592,11,8493,12,8493,12,8491,12,8482,12,8463
1593,13,8506,12,8505,13,8504,12,8494,12,8475
1594,8,8514,8,8513,9,8513,9,8503,9,8484
1595,14,8528,13,8526,14,8527,14,8517,14,8498
1596,12,8540,12,8538,12,8539,11,8528,12,8510
1597,13,8553,13,8551,13,8552,13,8541,13,8523
1598,9,8562,10,8561,9,8561,9,8550,10,8533
1599,13,8575,12,8573,13,8574,13,8563,12,8545
1600,11,8586,11,8584,11,8585,10,8573,11,8556
1601,11,8597,12,8596,12,8597,12,8585,12,8568
1602,7,8604,6,8602,6,8603,7,8592,6,8574
1603,14,8618,13,8615,13,8616,14,8606,13,8587
1604,12,8630,12,8627,12,8628,12,8618,12,8599
1605,13,8643,13,8640,13,8641,12,8630,12,8611
1606,10,8653,9,8649,10,8651,10,8640,10,8621
1607,12,8665,13,8662,13,8664,13,8653,13,8634
1608,11,8676,11,8673,11,8675,11,8664,11,8645
1609,12,8688,12,8685,12,8687,11,8675,11,8656
1610,8,8696,7,8692,7,8694,8,8683,8,8664
1611,13,8709,13,8705,13,8707,12,8695,13,8677
1612,11,8720,11,8716,11,8718,11,8706,10,8687
1613,12,8732,11,8727,12,8730,12,8718,12,8699
1614,9,8741,8,8735,8,8738,8,8726,9,8708
1615,12,8753,12,8747,12,8750,11,8737,12,8720
1616,10,8763,10,8757,10,8760,9,8746,9,8729
1617,11,8774,10,8767,11,8771,10,8756,10,8739
1618,2,8776,3,8770,3,8774,3,8759,2,8741
1619,13,8789,16,8786,16,8790,16,8775,16,8757
1620,12,8801,14,8800,14,8804,14,8789,14,8771
1621,15,8816,13,8813,15,8819,15,8804,15,8786
1622,9,8825,7,8820,12,8831,12,8816,12,8798
1623,13,8838,15,8835,15,8846,15,8831,12,8810
1624,13,8851,13,8848,13,8859,13,8844,13,8823
1625,12,8863,11,8859,14,8873,14,8858,14,8837
1626,8,8871,10,8869,10,8883,10,8868,10,8847
1627,15,8886,13,8882,13,8896,15,8883,15,8862
1628,13,8899,13,8895,13,8909,13,8896,13,8875
1629,11,8910,11,8906,14,8923,14,8910,14,8889
1630,11,8921,11,8917,9,8932,9,8919,11,8900
1631,14,8935,14,8931,14,8946,14,8933,12,8912
1632,12,8947,12,8943,12,8958,12,8945,12,8924
1633,13,8960,13,8956,11,8969,13,8958,13,8937
1634,8,8968,5,8961,8,8977,8,8966,8,8945
1635,15,8983,15,8976,15,8992,15,8981,13,8958
1636,13,8996,13,8989,11,9003,13,8994,13,8971
1637,14,9010,14,9003,14,9017,11,9005,14,8985
1638,8,9018,8,9011,11,9028,11,9016,11,8996
1639,14,9032,14,9025,14,9042,14,9030,12,9008
1640,10,9042,9,9034,12,9054,10,9040,10,9018
1641,13,9055,13,9047,11,9065,11,9051,13,9031
1642,9,9064,7,9054,9,9074,9,9060,9,9040
1643,14,9078,14,9068,14,9088,12,9072,14,9054
1644,12,9090,12,9080,12,9100,12,9084,10,9064
1645,13,9103,13,9093,13,9113,13,9097,13,9077
1646,10,9113,10,9103,10,9123,10,9107,8,9085
1647,13,9126,13,9116,13,9136,11,9118,13,9098
1648,8,9134,8,9124,11,9147,11,9129,9,9107
1649,10,9144,10,9134,12,9159,12,9141,12,9119
1650,6,9150,6,9140,6,9165,6,9147,6,9125
1651,15,9165,10,9150,10,9175,15,9162,13,9138
1652,13,9178,6,9156,11,9186,13,9175,13,9151
1653,12,9190,14,9170,12,9198,12,9187,14,9165
1654,11,9201,11,9181,11,9209,11,9198,11,9176
1655,14,9215,14,9195,14,9223,12,9210,14,9190
1656,12,9227,12,9207,10,9233,12,9222,10,9200
1657,13,9240,11,9218,13,9246,11,9233,13,9213
1658,9,9249,9,9227,9,9255,9,9242,7,9220
1659,12,9261,7,9234,14,9269,14,9256,12,9232
1660,12,9273,12,9246,12,9281,8,9264,12,9244
1661,13,9286,13,9259,13,9294,11,9275,11,9255
1662,10,9296,6,9265,10,9304,10,9285,10,9265
1663,11,9307,11,9276,13,9317,13,9298,13,9278
1664,11,9318,11,9287,11,9328,9,9307,11,9289
1665,10,9328,12,9299,12,9340,12,9319,12,9301
1666,5,9333,7,9306,7,9347,7,9326,7,9308
1667,12,9345,12,9318,14,9361,14,9340,14,9322
1668,12,9357,12,9330,10,9371,7,9347,10,9332
1669,13,9370,13,9343,13,9384,13,9360,13,9345
1670,10,9380,10,9353,10,9394,10,9370,8,9353
1671,13,9393,13,9366,13,9407,11,9381,13,9366
1672,11,9404,11,9377,9,9416,11,9392,11,9377
1673,12,9416,12,9389,12,9428,12,9404,12,9389
1674,8,9424,8,9397,3,9431,8,9412,8,9397
1675,13,9437,13,9410,13,9444,13,9425,13,9410
1676,11,9448,11,9421,11,9455,11,9436,9,9419
1677,12,9460,12,9433,12,9467,12,9448,12,9431
1678,9,9469,7,9440,9,9476,9,9457,7,9438
1679,12,9481,12,9452,12,9488,12,9469,12,9450
1680,10,9491,10,9462,10,9498,10,9479,10,9460
1681,9,9500,11,9473,9,9507,11,9490,11,9471
1682,4,9504,4,9477,4,9511,4,9494,4,9475
1683,15,9519,15,9492,15,9526,15,9509,15,9490
1684,13,9532,13,9505,13,9539,13,9522,13,9503
1685,14,9546,14,9519,11,9550,14,9536,9,9512
1686,11,9557,11,9530,11,9561,11,9547,11,9523
1687,11,9568,14,9544,14,9575,10,9557,14,9537
1688,12,9580,12,9556,12,9587,8,9565,12,9549
1689,13,9593,13,9569,13,9600,10,9575,13,9562
1690,9,9602,9,9578,6,9606,9,9584,9,9571
1691,11,9613,14,9592,14,9620,11,9595,14,9585
1692,12,9625,12,9604,12,9632,12,9607,12,9597
1693,10,9635,13,9617,13,9645,10,9617,13,9610
1694,10,9645,10,9627,10,9655,7,9624,10,9620
1695,13,9658,13,9640,13,9668,10,9634,13,9633
1696,11,9669,11,9651,7,9675,11,9645,11,9644
1697,12,9681,12,9663,12,9687,12,9657,12,9656
1698,7,9688,7,9670,7,9694,7,9664,7,9663
1699,8,9696,14,9684,14,9708,14,9678,14,9677
1700,12,9708,5,9689,12,9720,12,9690,12,9689
1701,13,9721,13,9702,13,9733,13,9703,10,9699
1702,10,9731,10,9712,10,9743,10,9713,10,9709
1703,10,9741,10,9722,13,9756,13,9726,13,9722
1704,11,9752,11,9733,11,9767,11,9737,11,9733
1705,12,9764,9,9742,12,9779,12,9749,12,9745
1706,8,9772,8,9750,8,9787,8,9757,8,9753
1707,13,9785,13,9763,13,9800,13,9770,13,9766
1708,11,9796,11,9774,11,9811,11,9781,11,9777
1709,12,9808,9,9783,12,9823,12,9793,12,9789
1710,9,9817,9,9792,6,9829,9,9802,9,9798
1711,12,9829,12,9804,12,9841,12,9814,12,9810
1712,10,9839,7,9811,10,9851,10,9824,10,9820
1713,8,9847,11,9822,11,9862,11,9835,11,9831
1714,5,9852,5,9827,5,9867,5,9840,5,9836
1715,14,9866,14,9841,14,9881,14,9854,14,9850
1716,12,9878,12,9853,12,9893,12,9866,12,9862
1717,8,9886,13,9866,13,9906,13,9879,13,9875
1718,10,9896,10,9876,10,9916,10,9889,10,9885
1719,9,9905,13,9889,13,9929,13,9902,13,9898
1720,11,9916,7,9896,11,9940,11,9913,11,9909
1721,12,9928,12,9908,12,9952,12,9925,12,9921
1722,8,9936,8,9916,8,9960,8,9933,8,9929
1723,13,9949,13,9929,13,9973,13,9946,13,9942
1724,11,9960,11,9940,11,9984,11,9957,11,9953
1725,12,9972,12,9952,12,9996,12,9969,12,9965
1726,9,9981,9,9961,9,10005,9,9978,9,9974
1727,12,9993,12,9973,8,10013,12,9990,12,9986
1728,10,10003,6,9979,3,10016,10,10000,10,9996
1729,7,10010,11,9990,11,10027,11,10011,11,10007
1730,6,10016,6,9996,6,10033,6,10017,6,10013
1731,13,10029,13,10009,13,10046,13,10030,13,10026
1732,11,10040,11,10020,11,10057,11,10041,11,10037
1733,12,10052,12,10032,12,10069,12,10053,12,10049
1734,9,10061,9,10041,9,10078,9,10062,9,10058
1735,12,10073,12,10053,12,10090,12,10074,12,10070
1736,10,10083,10,10063,10,10100,10,10084,10,10080
1737,11,10094,11,10074,11,10111,11,10095,11,10091
1738,7,10101,7,10081,7,10118,7,10102,7,10098
1739,12,10113,12,10093,12,10130,12,10114,12,10110
1740,10,10123,10,10103,10,10140,10,10124,10,10120
1741,11,10134,11,10114,11,10151,11,10135,11,10131
1742,8,10142,8,10122,8,10159,8,10143,8,10139
1743,11,10153,11,10133,11,10170,11,10154,11,10150
1744,9,10162,9,10142,9,10179,9,10163,9,10159
1745,10,10172,10,10152,10,10189,10,10173,10,10169
1746,1,10173,1,10153,1,10190,1,10174,1,10170
1747,15,10188,14,10167,13,10203,15,10189,15,10185
1748,13,10201,13,10180,10,10213,12,10201,12,10197
1749,13,10214,14,10194,13,10226,14,10215,13,10210
1750,9,10223,8,10202,8,10234,11,10226,7,10217
1751,14,10237,14,10216,14,10248,12,10238,14,10231
1752,12,10249,11,10227,12,10260,12,10250,10,10241
1753,12,10261,9,10236,13,10273,13,10263,12,10253
1754,8,10269,9,10245,8,10281,8,10271,9,10262
1755,14,10283,11,10256,14,10295,14,10285,14,10276
1756,11,10294,12,10268,10,10305,12,10297,12,10288
1757,13,10307,12,10280,13,10318,13,10310,13,10301
1758,10,10317,7,10287,9,10327,10,10320,7,10308
1759,11,10328,13,10300,12,10339,12,10332,12,10320
1760,11,10339,10,10310,11,10350,11,10343,11,10331
1761,12,10351,11,10321,11,10361,12,10355,11,10342
1762,7,10358,7,10328,6,10367,6,10361,7,10349
1763,10,10368,14,10342,14,10381,7,10368,14,10363
1764,12,10380,8,10350,11,10392,12,10380,7,10370
1765,13,10393,12,10362,11,10403,12,10392,13,10383
1766,10,10403,10,10372,10,10413,5,10397,10,10393
1767,13,10416,12,10384,13,10426,13,10410,13,10406
1768,7,10423,10,10394,11,10437,9,10419,11,10417
1769,12,10435,12,10406,11,10448,10,10429,12,10429
1770,8,10443,8,10414,8,10456,8,10437,8,10437
1771,13,10456,8,10422,12,10468,11,10448,13,10450
1772,11,10467,11,10433,11,10479,10,10458,11,10461
1773,10,10477,12,10445,12,10491,12,10470,12,10473
1774,9,10486,8,10453,7,10498,8,10478,8,10481
1775,12,10498,11,10464,12,10510,12,10490,11,10492
1776,10,10508,10,10474,9,10519,8,10498,9,10501
1777,10,10518,9,10483,11,10530,10,10508,11,10512
1778,5,10523,4,10487,5,10535,5,10513,5,10517
1779,14,10537,14,10501,14,10549,14,10527,14,10531
1780,12,10549,12,10513,12,10561,9,10536,12,10543
1781,6,10555,12,10525,13,10574,13,10549,13,10556
1782,9,10564,10,10535,10,10584,10,10559,10,10566
1783,13,10577,13,10548,13,10597,13,10572,13,10579
1784,11,10588,10,10558,11,10608,11,10583,11,10590
1785,11,10599,9,10567,9,10617,8,10591,11,10601
1786,7,10606,5,10572,7,10624,8,10599,7,10608
1787,13,10619,12,10584,13,10637,13,10612,13,10621
1788,10,10629,11,10595,11,10648,10,10622,11,10632
1789,12,10641,12,10607,11,10659,12,10634,7,10639
1790,9,10650,9,10616,9,10668,9,10643,9,10648
1791,12,10662,11,10627,12,10680,12,10655,12,10660
1792,10,10672,10,10637,9,10689,9,10664,7,10667
1793,10,10682,11,10648,10,10699,10,10674,10,10677
1794,6,10688,5,10653,6,10705,6,10680,6,10683
1795,12,10700,12,10665,13,10718,13,10693,13,10696
1796,11,10711,11,10676,11,10729,10,10703,11,10707
1797,12,10723,8,10684,12,10741,11,10714,12,10719
1798,9,10732,9,10693,9,10750,9,10723,8,10727
1799,12,10744,12,10705,12,10762,11,10734,12,10739
1800,10,10754,9,10714,9,10771,9,10743,9,10748
1801,10,10764,10,10724,10,10781,10,10753,11,10759
1802,6,10770,7,10731,6,10787,6,10759,6,10765
1803,11,10781,12,10743,12,10799,11,10770,12,10777
1804,9,10790,9,10752,9,10808,9,10779,9,10786
1805,11,10801,11,10763,11,10819,11,10790,11,10797
1806,8,10809,7,10770,8,10827,8,10798,8,10805
1807,11,10820,10,10780,11,10838,10,10808,11,10816
1808,8,10828,9,10789,9,10847,9,10817,9,10825
1809,10,10838,10,10799,10,10857,9,10826,10,10835
1810,3,10841,3,10802,3,10860,3,10829,2,10837
1811,14,10855,14,10816,14,10874,14,10843,11,10848
1812,7,10862,12,10828,8,10882,12,10855,12,10860
1813,13,10875,10,10838,11,10893,11,10866,9,10869
1814,7,10882,8,10846,10,10903,8,10874,6,10875
1815,13,10895,7,10853,13,10916,13,10887,13,10888
1816,8,10903,11,10864,9,10925,11,10898,11,10899
1817,12,10915,12,10876,12,10937,8,10906,12,10911
1818,6,10921,4,10880,8,10945,8,10914,6,10917
1819,13,10934,13,10893,11,10956,11,10925,13,10930
1820,9,10943,11,10904,8,10964,9,10934,11,10941
1821,12,10955,12,10916,12,10976,12,10946,10,10951
1822,6,10961,9,10925,7,10983,9,10955,9,10960
1823,12,10973,12,10937,10,10993,12,10967,12,10972
1824,10,10983,8,10945,10,11003,10,10977,10,10982
1825,8,10991,11,10956,11,11014,8,10985,8,10990
1826,6,10997,6,10962,3,11017,6,10991,6,10996
1827,13,11010,13,10975,13,11030,11,11002,11,11007
1828,11,11021,11,10986,11,11041,11,11013,11,11018
1829,12,11033,12,10998,12,11053,12,11025,12,11030
1830,9,11042,9,11007,9,11062,9,11034,9,11039
1831,12,11054,12,11019,10,11072,12,11046,10,11049
1832,8,11062,6,11025,10,11082,10,11056,10,11059
1833,11,11073,11,11036,9,11091,9,11065,11,11070
1834,7,11080,7,11043,7,11098,7,11072,3,11073
1835,10,11090,12,11055,10,11108,10,11082,12,11085
1836,10,11100,10,11065,10,11118,8,11090,10,11095
1837,9,11109,11,11076,11,11129,11,11101,9,11104
1838,8,11117,8,11084,8,11137,8,11109,8,11112
1839,11,11128,9,11093,9,11146,11,11120,11,11123
1840,9,11137,7,11100,9,11155,9,11129,9,11132
1841,8,11145,10,11110,10,11165,10,11139,10,11142
1842,4,11149,4,11114,2,11167,4,11143,4,11146
1843,13,11162,13,11127,13,11180,13,11156,13,11159
1844,11,11173,11,11138,11,11191,11,11167,11,11170
1845,12,11185,7,11145,9,11200,7,11174,7,11177
1846,9,11194,9,11154,9,11209,9,11183,9,11186
1847,12,11206,9,11163,12,11221,12,11195,12,11198
1848,10,11216,10,11173,10,11231,10,11205,6,11204
1849,11,11227,7,11180,8,11239,8,11213,11,11215
1850,7,11234,7,11187,7,11246,4,11217,7,11222
1851,9,11243,12,11199,9,11255,12,11229,9,11231
1852,10,11253,10,11209,5,11260,10,11239,10,11241
1853,11,11264,11,11220,11,11271,11,11250,11,11252
1854,5,11269,8,11228,8,11279,8,11258,8,11260
1855,11,11280,8,11236,11,11290,11,11269,8,11268
1856,9,11289,9,11245,9,11299,9,11278,9,11277
1857,10,11299,10,11255,10,11309,10,11288,10,11287
1858,5,11304,2,11257,5,11314,5,11293,5,11292
1859,12,11316,12,11269,12,11326,12,11305,12,11304
1860,10,11326,10,11279,10,11336,5,11310,10,11314
1861,11,11337,11,11290,11,11347,7,11317,11,11325
1862,8,11345,8,11298,8,11355,8,11325,8,11333
1863,11,11356,11,11309,11,11366,11,11336,11,11344
1864,9,11365,9,11318,9,11375,9,11345,9,11353
1865,10,11375,10,11328,10,11385,10,11355,10,11363
1866,6,11381,6,11334,6,11391,6,11361,6,11369
1867,11,11392,11,11345,11,11402,11,11372,11,11380
1868,3,11395,9,11354,9,11411,9,11381,9,11389
1869,10,11405,10,11364,10,11421,10,11391,5,11394
1870,7,11412,7,11371,7,11428,7,11398,7,11401
1871,10,11422,4,11375,4,11432,10,11408,10,11411
1872,8,11430,8,11383,8,11440,8,11416,8,11419
1873,9,11439,9,11392,9,11449,9,11425,9,11428
1874,1,11440,1,11393,1,11450,1,11426,1,11429
1875,13,11453,12,11405,12,11462,13,11439,9,11438
1876,11,11464,9,11414,9,11471,9,11448,10,11448
1877,9,11473,11,11425,9,11480,11,11459,11,11459
1878,9,11482,9,11434,8,11488,9,11468,8,11467
1879,12,11494,12,11446,12,11500,11,11479,10,11477
1880,9,11503,10,11456,10,11510,10,11489,10,11487
1881,10,11513,11,11467,9,11519,11,11500,10,11497
1882,6,11519,4,11471,7,11526,6,11506,6,11503
1883,10,11529,11,11482,11,11537,12,11518,12,11515
1884,10,11539,10,11492,10,11547,10,11528,9,11524
1885,10,11549,10,11502,10,11557,9,11537,10,11534
1886,7,11556,8,11510,6,11563,8,11545,7,11541
1887,11,11567,10,11520,11,11574,10,11555,10,11551
1888,9,11576,9,11529,8,11582,9,11564,8,11559
1889,8,11584,9,11538,9,11591,10,11574,10,11569
1890,4,11588,5,11543,5,11596,4,11578,4,11573
1891,12,11600,12,11555,12,11608,11,11589,12,11585
1892,10,11610,9,11564,10,11618,10,11599,5,11590
1893,8,11618,11,11575,11,11629,8,11607,11,11601
1894,8,11626,4,11579,7,11636,7,11614,7,11608
1895,11,11637,11,11590,10,11646,11,11625,11,11619
1896,9,11646,8,11598,9,11655,9,11634,9,11628
1897,9,11655,10,11608,9,11664,10,11644,10,11638
1898,6,11661,6,11614,6,11670,6,11650,5,11643
1899,11,11672,11,11625,11,11681,10,11660,11,11654
1900,8,11680,9,11634,9,11690,5,11665,9,11663
1901,10,11690,10,11644,10,11700,9,11674,9,11672
1902,7,11697,7,11651,7,11707,7,11681,7,11679
1903,10,11707,10,11661,10,11717,10,11691,10,11689
1904,7,11714,8,11669,7,11724,7,11698,8,11697
1905,9,11723,8,11677,9,11733,9,11707,8,11705
1906,3,11726,2,11679,3,11736,3,11710,2,11707
1907,12,11738,12,11691,12,11748,12,11722,12,11719
1908,10,11748,8,11699,10,11758,10,11732,8,11727
1909,11,11759,11,11710,11,11769,11,11743,11,11738
1910,8,11767,8,11718,8,11777,8,11751,8,11746
1911,9,11776,11,11729,11,11788,11,11762,9,11755
1912,9,11785,9,11738,9,11797,4,11766,9,11764
1913,10,11795,10,11748,10,11807,8,11774,7,11771
1914,6,11801,6,11754,4,11811,6,11780,6,11777
1915,9,11810,11,11765,11,11822,9,11789,7,11784
1916,9,11819,7,11772,9,11831,9,11798,9,11793
1917,10,11829,10,11782,10,11841,10,11808,10,11803
1918,7,11836,7,11789,7,11848,5,11813,7,11810
1919,10,11846,10,11799,5,11853,8,11821,10,11820
1920,8,11854,8,11807,8,11861,8,11829,8,11828
1921,9,11863,7,11814,7,11868,9,11838,9,11837
1922,4,11867,4,11818,4,11872,4,11842,4,11841
1923,11,11878,7,11825,11,11883,11,11853,11,11852
1924,9,11887,9,11834,9,11892,9,11862,9,11861
1925,10,11897,4,11838,10,11902,10,11872,10,11871
1926,7,11904,7,11845,7,11909,4,11876,7,11878
1927,10,11914,10,11855,5,11914,10,11886,10,11888
1928,8,11922,5,11860,8,11922,8,11894,8,11896
1929,9,11931,9,11869,9,11931,9,11903,9,11905
1930,5,11936,5,11874,5,11936,5,11908,5,11910
1931,10,11946,6,11880,10,11946,6,11914,10,11920
1932,8,11954,8,11888,8,11954,8,11922,8,11928
1933,9,11963,9,11897,9,11963,9,11931,9,11937
1934,6,11969,6,11903,6,11969,6,11937,6,11943
1935,9,11978,9,11912,9,11978,9,11946,9,11952
1936,7,11985,7,11919,7,11985,7,11953,7,11959
1937,8,11993,8,11927,8,11993,8,11961,8,11967
1938,1,11994,1,11928,1,11994,1,11962,1,11968
1939,11,12005,6,11934,11,12005,10,11972,11,11979
1940,9,12014,8,11942,9,12014,9,11981,9,11988
1941,10,12024,10,11952,8,12022,9,11990,10,11998
1942,6,12030,6,11958,6,12028,7,11997,6,12004
1943,9,12039,8,11966,10,12038,10,12007,9,12013
1944,8,12047,8,11974,8,12046,8,12015,8,12021
1945,9,12056,9,11983,7,12053,8,12023,9,12030
1946,5,12061,5,11988,4,12057,3,12026,4,12034
1947,10,12071,10,11998,9,12066,10,12036,10,12044
1948,8,12079,5,12003,8,12074,8,12044,7,12051
1949,8,12087,9,12012,8,12082,9,12053,6,12057
1950,6,12093,6,12018,6,12088,5,12058,6,12063
1951,8,12101,8,12026,9,12097,8,12066,8,12071
1952,7,12108,7,12033,7,12104,3,12069,7,12078
1953,3,12111,7,12040,7,12111,8,12077,8,12086
1954,3,12114,3,12043,3,12114,3,12080,2,12088
1955,8,12122,10,12053,8,12122,6,12086,7,12095
1956,8,12130,8,12061,8,12130,8,12094,5,12100
1957,6,12136,9,12070,7,12137,9,12103,9,12109
1958,6,12142,6,12076,4,12141,6,12109,3,12112
1959,9,12151,9,12085,9,12150,9,12118,5,12117
1960,7,12158,7,12092,7,12157,7,12125,7,12124
1961,6,12164,8,12100,8,12165,8,12133,8,12132
1962,4,12168,4,12104,4,12169,4,12137,4,12136
1963,9,12177,6,12110,9,12178,6,12143,6,12142
1964,3,12180,7,12117,7,12185,4,12147,7,12149
1965,8,12188,8,12125,8,12193,8,12155,5,12154
1966,5,12193,5,12130,5,12198,5,12160,5,12159
1967,8,12201,8,12138,8,12206,8,12168,8,12167
1968,6,12207,6,12144,6,12212,6,12174,6,12173
1969,7,12214,2,12146,2,12214,7,12181,7,12180
1970,1,12215,1,12147,1,12215,1,12182,1,12181
1971,7,12222,7,12154,6,12221,9,12191,8,12189
1972,4,12226,5,12159,7,12228,7,12198,7,12196
1973,8,12234,7,12166,6,12234,8,12206,8,12204
1974,5,12239,4,12170,5,12239,4,12210,5,12209
1975,8,12247,4,12174,7,12246,8,12218,7,12216
1976,6,12253,6,12180,6,12252,5,12223,6,12222
1977,6,12259,6,12186,6,12258,7,12230,7,12229
1978,3,12262,3,12189,3,12261,3,12233,3,12232
1979,8,12270,8,12197,8,12269,8,12241,8,12240
1980,6,12276,6,12203,3,12272,6,12247,6,12246
1981,7,12283,5,12208,7,12279,7,12254,7,12253
1982,4,12287,4,12212,4,12283,4,12258,4,12257
1983,7,12294,7,12219,7,12290,7,12265,7,12264
1984,5,12299,5,12224,5,12295,5,12270,5,12269
1985,6,12305,6,12230,6,12301,6,12276,6,12275
1986,1,12306,1,12231,1,12302,1,12277,1,12276
1987,7,12313,7,12238,7,12309,5,12282,5,12281
1988,5,12318,3,12241,4,12313,4,12286,5,12286
1989,6,12324,6,12247,6,12319,5,12291,6,12292
1990,3,12327,3,12250,3,12322,3,12294,3,12295
1991,6,12333,6,12256,6,12328,6,12300,6,12301
1992,4,12337,2,12258,2,12330,4,12304,4,12305
1993,5,12342,5,12263,5,12335,5,12309,5,12310
1994,1,12343,1,12264,1,12336,1,12310,1,12311
1995,4,12347,3,12267,3,12339,4,12314,5,12316
1996,3,12350,3,12270,3,12342,2,12316,3,12319
1997,4,12354,4,12274,4,12346,4,12320,4,12323
1998,1,12355,1,12275,1,12347,1,12321,1,12324
1999,2,12357,3,12278,2,12349,2,12323,3,12327
2000,1,12358,1,12279,1,12350,1,12324,1,12328
2001,1,12359,1,12280,1,12351,1,12325,1,12329
